-- phpMyAdmin SQL Dump
-- version 4.3.11
-- http://www.phpmyadmin.net
--
-- Host: 127.0.0.1
-- Generation Time: Sep 15, 2018 at 11:13 AM
-- Server version: 5.6.24
-- PHP Version: 5.6.8

SET SQL_MODE = "NO_AUTO_VALUE_ON_ZERO";
SET time_zone = "+00:00";


/*!40101 SET @OLD_CHARACTER_SET_CLIENT=@@CHARACTER_SET_CLIENT */;
/*!40101 SET @OLD_CHARACTER_SET_RESULTS=@@CHARACTER_SET_RESULTS */;
/*!40101 SET @OLD_COLLATION_CONNECTION=@@COLLATION_CONNECTION */;
/*!40101 SET NAMES utf8 */;

--
-- Database: `product4`
--

-- --------------------------------------------------------

--
-- Table structure for table `tbl_category2_product`
--

CREATE TABLE IF NOT EXISTS `tbl_category2_product` (
  `pk_category2_product_id` int(11) NOT NULL,
  `fk_category_product_id` int(11) NOT NULL,
  `c_name` varchar(500) CHARACTER SET utf8 NOT NULL
) ENGINE=InnoDB AUTO_INCREMENT=20 DEFAULT CHARSET=utf8mb4;

--
-- Dumping data for table `tbl_category2_product`
--

INSERT INTO `tbl_category2_product` (`pk_category2_product_id`, `fk_category_product_id`, `c_name`) VALUES
(2, 1, 'Váy'),
(3, 1, 'Áo nữ'),
(4, 1, 'Quần Nữ'),
(5, 1, 'Áo Khoác Nữ'),
(6, 1, 'Chân Váy'),
(7, 2, 'Áo Nam'),
(9, 2, 'Quần Nam'),
(10, 2, 'Áo Khoác Nam'),
(11, 2, 'Áo Sơ Mi '),
(12, 3, 'Bé Trai'),
(13, 3, 'Bé Gái'),
(14, 4, 'Giày Nam'),
(15, 4, 'Giày Nữ'),
(16, 5, 'Quần Áo Nữ'),
(17, 5, 'Quần Áo Nam'),
(18, 5, 'Cho Bé'),
(19, 4, 'Giày Thể Thao');

-- --------------------------------------------------------

--
-- Table structure for table `tbl_category_product`
--

CREATE TABLE IF NOT EXISTS `tbl_category_product` (
  `pk_category_product_id` int(11) NOT NULL,
  `c_name` varchar(500) CHARACTER SET utf8 NOT NULL
) ENGINE=InnoDB AUTO_INCREMENT=6 DEFAULT CHARSET=utf8mb4;

--
-- Dumping data for table `tbl_category_product`
--

INSERT INTO `tbl_category_product` (`pk_category_product_id`, `c_name`) VALUES
(1, 'Phụ Nữ'),
(2, 'Đàn ông'),
(3, 'Trẻ em'),
(4, 'Giày'),
(5, 'Thể thao');

-- --------------------------------------------------------

--
-- Table structure for table `tbl_color`
--

CREATE TABLE IF NOT EXISTS `tbl_color` (
  `pk_color` int(11) NOT NULL,
  `c_name` varchar(500) NOT NULL
) ENGINE=InnoDB AUTO_INCREMENT=12 DEFAULT CHARSET=utf8mb4;

--
-- Dumping data for table `tbl_color`
--

INSERT INTO `tbl_color` (`pk_color`, `c_name`) VALUES
(1, 'ĐỎ'),
(2, 'Đen'),
(3, 'Vàng'),
(4, 'Xanh Da Trời'),
(5, 'Xanh Dương'),
(6, 'Trắng'),
(7, 'Xám'),
(8, 'Cam'),
(9, 'Xanh Lam'),
(10, 'Xanh Lá Cây'),
(11, 'Hồng');

-- --------------------------------------------------------

--
-- Table structure for table `tbl_customer`
--

CREATE TABLE IF NOT EXISTS `tbl_customer` (
  `customer_id` int(11) NOT NULL,
  `hovaten` varchar(500) NOT NULL,
  `diachi` varchar(2000) NOT NULL,
  `dienthoai` varchar(200) NOT NULL,
  `ghichu` text NOT NULL,
  `email` varchar(500) NOT NULL,
  `password` varchar(500) NOT NULL
) ENGINE=InnoDB AUTO_INCREMENT=28 DEFAULT CHARSET=utf8;

--
-- Dumping data for table `tbl_customer`
--

INSERT INTO `tbl_customer` (`customer_id`, `hovaten`, `diachi`, `dienthoai`, `ghichu`, `email`, `password`) VALUES
(22, 'Nguyễn Văn A', '', '', '', 'nva@mail.com', '202cb962ac59075b964b07152d234b70'),
(23, 'test', 'test1', '123', '', 'admin@mail.com', '202cb962ac59075b964b07152d234b70'),
(24, 'Admin', 'Hà nội', '123456', '', 'admin@mail.com', '202cb962ac59075b964b07152d234b70'),
(25, 'tvm', 'Số 8, ngách 322/95/29 nhân Mỹ, Mỹ Đình, Hà Nội', '0165972316', '', 'tranvanminh30398@gmail.com', '202cb962ac59075b964b07152d234b70'),
(26, 'tvm1', '12d', '01659723162', '', 'trandoanh0123@gmail.com', 'c4ca4238a0b923820dcc509a6f75849b'),
(27, 'tvm2', 'ngách 322/95/29 nhân Mỹ, Mỹ Đình, Hà Nội', '01659723165', '', 'tvm2@gmail.com', '900150983cd24fb0d6963f7d28e17f72');

-- --------------------------------------------------------

--
-- Table structure for table `tbl_order`
--

CREATE TABLE IF NOT EXISTS `tbl_order` (
  `order_id` int(11) NOT NULL,
  `customer_id` int(11) NOT NULL,
  `ngaymua` date NOT NULL,
  `gia` float NOT NULL,
  `trangthai` int(11) NOT NULL
) ENGINE=InnoDB AUTO_INCREMENT=77 DEFAULT CHARSET=utf8mb4;

--
-- Dumping data for table `tbl_order`
--

INSERT INTO `tbl_order` (`order_id`, `customer_id`, `ngaymua`, `gia`, `trangthai`) VALUES
(2, 23, '2018-09-13', 350000, 1),
(9, 26, '2018-09-15', 300000, 0),
(10, 26, '2018-09-15', 250000, 0),
(11, 26, '2018-09-15', 250000, 0),
(12, 26, '2018-09-15', 300000, 0),
(13, 26, '2018-09-15', 0, 0),
(14, 26, '2018-09-15', 300000, 0),
(15, 26, '2018-09-15', 350000, 0),
(16, 26, '2018-09-15', 300000, 0),
(17, 26, '2018-09-15', 0, 0),
(18, 26, '2018-09-15', 0, 0),
(19, 26, '2018-09-15', 0, 0),
(20, 26, '2018-09-15', 120000, 0),
(21, 26, '2018-09-15', 120000, 0),
(22, 26, '2018-09-15', 120000, 0),
(23, 26, '2018-09-15', 120000, 0),
(24, 26, '2018-09-15', 120000, 0),
(25, 26, '2018-09-15', 120000, 0),
(26, 26, '2018-09-15', 120000, 0),
(27, 26, '2018-09-15', 120000, 0),
(28, 26, '2018-09-15', 120000, 0),
(29, 26, '2018-09-15', 120000, 0),
(30, 26, '2018-09-15', 5780000, 0),
(31, 26, '2018-09-15', 300000, 0),
(32, 26, '2018-09-15', 300000, 0),
(33, 26, '2018-09-15', 300000, 0),
(34, 26, '2018-09-15', 3400000, 0),
(35, 26, '2018-09-15', 3400000, 0),
(36, 26, '2018-09-15', 3400000, 0),
(37, 26, '2018-09-15', 3400000, 0),
(38, 26, '2018-09-15', 3400000, 0),
(39, 26, '2018-09-15', 3400000, 0),
(40, 26, '2018-09-15', 3400000, 0),
(41, 26, '2018-09-15', 3400000, 0),
(42, 26, '2018-09-15', 3400000, 0),
(43, 26, '2018-09-15', 3400000, 0),
(44, 26, '2018-09-15', 3400000, 0),
(45, 26, '2018-09-15', 3400000, 0),
(46, 26, '2018-09-15', 3400000, 0),
(47, 26, '2018-09-15', 3400000, 0),
(48, 26, '2018-09-15', 3400000, 0),
(49, 26, '2018-09-15', 3400000, 0),
(50, 26, '2018-09-15', 3400000, 0),
(51, 26, '2018-09-15', 3400000, 0),
(52, 26, '2018-09-15', 3400000, 0),
(53, 26, '2018-09-15', 3400000, 0),
(54, 26, '2018-09-15', 3400000, 0),
(55, 26, '2018-09-15', 3400000, 0),
(56, 26, '2018-09-15', 300000, 1),
(57, 26, '2018-09-15', 300000, 0),
(58, 26, '2018-09-15', 650000, 0),
(59, 26, '2018-09-15', 650000, 0),
(60, 26, '2018-09-15', 950000, 0),
(61, 26, '2018-09-15', 300000, 0),
(62, 26, '2018-09-15', 300000, 0),
(63, 26, '2018-09-15', 240000, 0),
(64, 26, '2018-09-15', 240000, 0),
(65, 26, '2018-09-15', 240000, 0),
(66, 26, '2018-09-15', 240000, 0),
(67, 26, '2018-09-15', 240000, 0),
(68, 26, '2018-09-15', 240000, 0),
(69, 26, '2018-09-15', 240000, 0),
(70, 26, '2018-09-15', 240000, 0),
(71, 26, '2018-09-15', 240000, 0),
(72, 26, '2018-09-15', 240000, 0),
(73, 26, '2018-09-15', 240000, 0),
(74, 26, '2018-09-15', 240000, 0),
(75, 26, '2018-09-15', 240000, 0),
(76, 26, '2018-09-15', 240000, 0);

-- --------------------------------------------------------

--
-- Table structure for table `tbl_order_detail`
--

CREATE TABLE IF NOT EXISTS `tbl_order_detail` (
  `order_detail_id` int(11) NOT NULL,
  `order_id` int(11) NOT NULL,
  `fk_product_id` int(11) NOT NULL,
  `c_number` int(11) NOT NULL
) ENGINE=InnoDB AUTO_INCREMENT=29 DEFAULT CHARSET=utf8mb4;

--
-- Dumping data for table `tbl_order_detail`
--

INSERT INTO `tbl_order_detail` (`order_detail_id`, `order_id`, `fk_product_id`, `c_number`) VALUES
(2, 15, 3, 1),
(3, 0, 64, 1),
(4, 0, 15, 1),
(5, 0, 64, 1),
(6, 0, 15, 1),
(7, 0, 64, 1),
(8, 0, 15, 1),
(9, 0, 64, 1),
(10, 0, 15, 1),
(11, 0, 64, 1),
(12, 0, 15, 1),
(13, 0, 64, 1),
(14, 0, 15, 1),
(15, 0, 64, 1),
(16, 0, 15, 1),
(17, 0, 64, 1),
(18, 0, 15, 1),
(19, 0, 64, 1),
(20, 0, 15, 1),
(21, 0, 64, 1),
(22, 0, 15, 1),
(23, 0, 64, 1),
(24, 0, 15, 1),
(25, 0, 64, 1),
(26, 0, 15, 1),
(27, 0, 63, 1),
(28, 0, 63, 1);

-- --------------------------------------------------------

--
-- Table structure for table `tbl_product`
--

CREATE TABLE IF NOT EXISTS `tbl_product` (
  `pk_product_id` int(11) NOT NULL,
  `fk_category_product_id` int(11) NOT NULL,
  `fk_category2_product_id` int(11) NOT NULL DEFAULT '0',
  `c_name` varchar(500) CHARACTER SET utf8 NOT NULL,
  `c_description` varchar(20000) CHARACTER SET utf8 NOT NULL,
  `c_content` text CHARACTER SET utf8 NOT NULL,
  `c_img` varchar(500) CHARACTER SET utf8 NOT NULL,
  `c_hotproduct` int(11) NOT NULL DEFAULT '0',
  `c_sale` int(11) NOT NULL DEFAULT '0',
  `c_color` varchar(50) CHARACTER SET utf8 NOT NULL,
  `c_size` varchar(50) CHARACTER SET utf8 NOT NULL,
  `c_price` float NOT NULL
) ENGINE=InnoDB AUTO_INCREMENT=65 DEFAULT CHARSET=utf8mb4;

--
-- Dumping data for table `tbl_product`
--

INSERT INTO `tbl_product` (`pk_product_id`, `fk_category_product_id`, `fk_category2_product_id`, `c_name`, `c_description`, `c_content`, `c_img`, `c_hotproduct`, `c_sale`, `c_color`, `c_size`, `c_price`) VALUES
(1, 3, 12, 'quần đùi mamago', '<h2><strong>Quần đ&ugrave;i b&eacute; trai hai t&uacute;i hộp Mamago xinh xắn, đ&aacute;ng y&ecirc;u</strong></h2>\r\n\r\n<p>Sản phẩm được l&agrave;m bằng chất liệu vải&nbsp;<strong>cotton 100%</strong>&nbsp;mềm mại, an to&agrave;n với b&eacute;</p>\r\n', '<p><img alt="" src="https://kidsplaza-1.cdn.vccloud.vn/media/wysiwyg/product/thoi-trang-cho-be/quan-ao-thoi-trang-cho-be/quan-dui-be-trai-hai-tui-hop-mamago-1.jpg" style="width:500px" /></p>\r\n\r\n<p>Thiết kế đai chun co gi&atilde;n, thoải m&aacute;i, dễ chịu khi mặc l&acirc;u</p>\r\n\r\n<p><img alt="" src="https://kidsplaza-1.cdn.vccloud.vn/media/wysiwyg/product/thoi-trang-cho-be/quan-ao-thoi-trang-cho-be/quan-dui-be-trai-hai-tui-hop-mamago-2.jpg" style="width:500px" /></p>\r\n\r\n<p>Thiết kế hai t&uacute;i hộp hai b&ecirc;n<strong>&nbsp;độc đ&aacute;o, l&ocirc;i cuốn</strong></p>\r\n\r\n<p><img alt="" src="https://kidsplaza-1.cdn.vccloud.vn/media/wysiwyg/product/thoi-trang-cho-be/quan-ao-thoi-trang-cho-be/quan-dui-be-trai-hai-tui-hop-mamago-3.jpg" style="width:500px" /></p>\r\n\r\n<p>Thiết kế d&agrave;nh cho b&eacute; từ 1-6 tuổi</p>\r\n\r\n<p>Thương hiệu&nbsp;<a href="https://www.kidsplaza.vn/thoi-trang-mamago.html" target="_blank" title="thời trang mamago">thời trang Mamago</a>&nbsp;<strong>sản xuất tại Việt Nam</strong></p>\r\n\r\n<p>Sản phẩm c&oacute; 6 size (1T, 2T, 3T, 4T, 5T, 6T)</p>\r\n', '15364138871536238049quan-dui-be-trai-hai-tui-hop-mamago-1.jpg', 0, 20, 'Xám', 'S,M,L', 100000),
(2, 3, 13, '39_Áo Thun Bé Gái In Hình Hello KITTY -c1614_', '<p><em>TH&Ocirc;NG TIN CHI TIẾT VỀ SẢN PHẨM</em>&nbsp;</p>\r\n\r\n<h2>&Aacute;o thun b&eacute; g&aacute;i in h&igrave;nh HELLO KITTY - C1615</h2>\r\n', '<p><em>TH&Ocirc;NG TIN CHI TIẾT VỀ SẢN PHẨM</em>&nbsp;</p>\r\n\r\n<h2>&Aacute;o thun b&eacute; g&aacute;i in h&igrave;nh HELLO KITTY - C1615</h2>\r\n\r\n<p><br />\r\n<br />\r\n&nbsp;</p>\r\n\r\n<p>﻿</p>\r\n\r\n<p><strong>M&agrave;u sắc:&nbsp;</strong>V&agrave;ng</p>\r\n\r\n<p><strong>Chất liệu:&nbsp;</strong>Thun cotton 4 chiều.</p>\r\n\r\n<p><strong>Xuất xứ:&nbsp;</strong>Việt Nam</p>\r\n\r\n<p><strong>K&iacute;ch thước: 1/2/3/4/5 </strong></p>\r\n\r\n<p>&nbsp;&nbsp;<strong>Size 1:</strong>&nbsp;B&eacute; 9kg -12kg<br />\r\n<br />\r\n&nbsp;&nbsp;<strong>Size 2:</strong>&nbsp;B&eacute; 12kg - 15kg<br />\r\n<br />\r\n&nbsp;&nbsp;<strong>Size 3:</strong>&nbsp;B&eacute; 15kg - 18kg<br />\r\n<br />\r\n&nbsp;&nbsp;<strong>Size 4:</strong>&nbsp;B&eacute; 18kg - 20kg<br />\r\n<br />\r\n&nbsp;&nbsp;<strong>Size 5:</strong>&nbsp;B&eacute; 20kg - 25kg</p>\r\n', '1536413879153623788039_Ao_thun_be_gai_in_hinh_hello_kitty_c1614_.jpg', 0, 0, 'Trắng', 'S,M,L', 120000),
(3, 3, 12, 'Áo Thun Trẻ Em- C1684 - Áo Đôi', '<p><em>TH&Ocirc;NG TIN CHI TIẾT VỀ SẢN PHẨM</em>&nbsp;</p>\r\n\r\n<h2>&Aacute;o thun trẻ em - C1684</h2>\r\n', '<p><strong>M&agrave;u sắc:&nbsp;</strong>Trắng</p>\r\n\r\n<p><strong>Chất liệu:&nbsp;</strong>Thun cotton 4 chiều.</p>\r\n\r\n<p><strong>Xuất xứ:&nbsp;</strong>Việt Nam</p>\r\n\r\n<p><strong>K&iacute;ch thước: 1/2/3/4/5 </strong></p>\r\n\r\n<p>&nbsp;&nbsp;<strong>Size 1:</strong>&nbsp;B&eacute; 9kg -12kg<br />\r\n<br />\r\n&nbsp;&nbsp;<strong>Size 2:</strong>&nbsp;B&eacute; 12kg - 15kg<br />\r\n<br />\r\n&nbsp;&nbsp;<strong>Size 3:</strong>&nbsp;B&eacute; 15kg - 18kg<br />\r\n<br />\r\n&nbsp;&nbsp;<strong>Size 4:</strong>&nbsp;B&eacute; 18kg - 20kg<br />\r\n<br />\r\n&nbsp;&nbsp;<strong>Size 5:</strong>&nbsp;B&eacute; 20kg - 25kg<img alt="" src="C:UsersMicrosoft WindowsPicturesanhang	rẻ em" /></p>\r\n', '15364138721536236609155_Ao_thun_tre_em_c1684_.jpg', 1, 20, 'Trắng', 'S,M,L', 150000),
(4, 3, 12, 'Áo cộc tay in cún đeo kính Mamago', '<h2><strong>&Aacute;o cộc tay in c&uacute;n đeo k&iacute;nh Mamago xinh xắn, đ&aacute;ng y&ecirc;u</strong></h2>\r\n\r\n<p>Sản phẩm được l&agrave;m bằng chất liệu vải cotton mềm mại, an to&agrave;n</p>\r\n', '<p><img alt="" src="https://kidsplaza-1.cdn.vccloud.vn/media/wysiwyg/product/thoi-trang-cho-be/quan-ao-thoi-trang-cho-be/ao-coc-tay-in-cun-deo-kinh-mamago-3.jpg" style="width:500px" /></p>\r\n\r\n<p>Thiết kế h&igrave;nh ch&uacute; c&uacute;n đeo k&iacute;nh&nbsp;<strong>ngộ nghĩnh, đ&aacute;ng y&ecirc;u</strong>&nbsp;khiến b&eacute; c&agrave;ng th&iacute;ch th&uacute; hơn khi mặc</p>\r\n\r\n<p><img alt="" src="https://kidsplaza-1.cdn.vccloud.vn/media/wysiwyg/product/thoi-trang-cho-be/quan-ao-thoi-trang-cho-be/ao-coc-tay-in-cun-deo-kinh-mamago-2.jpg" style="width:500px" /></p>\r\n\r\n<p>&Aacute;o c&oacute; m&agrave;u cam v&agrave; xanh tươi tắn, bắt mắt</p>\r\n\r\n<p>Thiết kế d&agrave;nh cho b&eacute; từ 1-6 tuổi với 6 size tương ứng</p>\r\n\r\n<p><img alt="" src="https://kidsplaza-1.cdn.vccloud.vn/media/wysiwyg/product/thoi-trang-cho-be/quan-ao-thoi-trang-cho-be/ao-coc-tay-in-cun-deo-kinh-mamago-1.jpg" style="width:500px" /></p>\r\n\r\n<p>Thương hiệu Mamago sản xuất tại Việt Nam</p>\r\n', '15364138611536238163ao-coc-tay-in-cun-deo-kinh-mamago-1.jpg', 0, 20, 'Cam', 'S,M,L', 95000),
(5, 3, 12, 'Bộ cộc tay bé trai in chữ PPap Htkids', '<p>&nbsp;</p>\r\n\r\n<h3><span style="font-size:16px"><strong>Bộ cộc tay b&eacute; trai in chữ PPap Htkids s&agrave;nh điệu, c&aacute; t&iacute;nh</strong></span></h3>\r\n\r\n<p><strong>Chất liệu:&nbsp;</strong>vải cotton mềm mại, tho&aacute;ng m&aacute;t, an to&agrave;n th&acirc;n thiện với da b&eacute;</p>\r\n\r\n<p><strong>Xuất xứ:&nbsp;</strong>Việt Nam</p>\r\n', '<p><strong>Thiết kế:</strong></p>\r\n\r\n<p>&Aacute;o thiết kế rộng, co gi&atilde;n, dễ chịu, thoải m&aacute;i khi mặc l&acirc;u</p>\r\n\r\n<p><img alt="" src="https://kidsplaza-1.cdn.vccloud.vn/media/wysiwyg/product/thoi-trang-cho-be/quan-ao-thoi-trang-cho-be/bo-coc-tay-be-trai-in-chu-ppap-htkids-2.jpg" style="width:500px" /></p>\r\n\r\n<p>Quần b&ograve; m&agrave;i chun co gi&atilde;n, s&agrave;nh điệu, c&aacute; t&iacute;nh</p>\r\n\r\n<p><img alt="" src="https://kidsplaza-1.cdn.vccloud.vn/media/wysiwyg/product/thoi-trang-cho-be/quan-ao-thoi-trang-cho-be/bo-coc-tay-be-trai-in-chu-ppap-htkids-5.jpg" style="width:500px" /></p>\r\n\r\n<h3><strong>Họa tiết: &Aacute;o trang tr&iacute; chữ PPAP tạo n&eacute;t l&ocirc;i cuốn ri&ecirc;ng</strong></h3>\r\n\r\n<p><img alt="" src="https://kidsplaza-1.cdn.vccloud.vn/media/wysiwyg/product/thoi-trang-cho-be/quan-ao-thoi-trang-cho-be/bo-coc-tay-be-trai-in-chu-ppap-htkids-3.jpg" style="width:500px" /></p>\r\n\r\n<p><strong>M&agrave;u sắc:&nbsp;</strong><a href="https://www.kidsplaza.vn/thoi-trang-be-gai.htmlhttps://www.kidsplaza.vn/thoi-trang-be-trai.html" target="_blank" title="áo thời trang bé trai">quần &aacute;o thời trang&nbsp;b&eacute; trai</a>&nbsp;cộc tay in&nbsp;in h&igrave;nh c&uacute;n b&oacute;ng bay Mamago m&agrave;u trắng xanh tươi tắn</p>\r\n\r\n<p><strong>Độ tuổi:</strong>&nbsp;Ph&ugrave; hợp b&eacute; từ 1-6 tuổi</p>\r\n\r\n<p><img alt="" src="https://kidsplaza-1.cdn.vccloud.vn/media/wysiwyg/product/thoi-trang-cho-be/quan-ao-thoi-trang-cho-be/bo-coc-tay-be-trai-in-chu-ppap-htkids-1.jpg" style="width:500px" /></p>\r\n\r\n<p><strong>Size</strong>: 6 size (1T, 2T, 3T, 4T, 5T, 6T)</p>\r\n', '15364138511536238844bo-coc-tay-be-trai-in-chu-ppap-htkids-1.jpg', 0, 20, 'Xanh Dương', 'S,M,L', 95000),
(6, 3, 12, 'Bộ lanh cộc tay bé trai Kiza in người nhện', '<h2><strong>Bộ lanh cộc tay b&eacute; trai Kiza in người nhện ngộ nghĩnh</strong></h2>\r\n\r\n<p><strong>Chất liệu:</strong>&nbsp;vải lanh mềm mại, tho&aacute;ng m&aacute;t</p>\r\n\r\n<p><strong>Thiết kế:&nbsp;</strong>rộng r&atilde;i, tho&aacute;ng m&aacute;t, thoải m&aacute;i khi vui đ&ugrave;a</p>\r\n\r\n<p><img alt="" src="https://kidsplaza-1.cdn.vccloud.vn/media/wysiwyg/product/thoi-trang-cho-be/quan-ao-thoi-trang-cho-be/bo-lanh-coc-tay-be-trai-kiza-in-nguoi-nhen-1.jpg" style="width:500px" /></p>\r\n\r\n<p><strong>Họa tiết:</strong>&nbsp;trang tr&iacute; h&igrave;nh người nhện độc đ&aacute;o, l&ocirc;i cuốn</p>\r\n\r\n<p><img alt="" src="https://kidsplaza-1.cdn.vccloud.vn/media/wysiwyg/product/thoi-trang-cho-be/quan-ao-thoi-trang-cho-be/bo-lanh-coc-tay-be-trai-kiza-in-nguoi-nhen-3.JPG" style="width:500px" /></p>\r\n\r\n<p><strong>Độ tuổi:</strong>&nbsp;d&agrave;nh cho b&eacute; từ 1-6 tuổi</p>\r\n\r\n<p><strong>Size:&nbsp;</strong>6 size</p>\r\n\r\n<p><img alt="" src="https://kidsplaza-1.cdn.vccloud.vn/media/wysiwyg/product/thoi-trang-cho-be/quan-ao-thoi-trang-cho-be/bo-lanh-coc-tay-be-trai-kiza-in-nguoi-nhen-2.JPG" style="width:500px" /></p>\r\n\r\n<p><strong>M&agrave;u sắc</strong>: tươi tắn, bắt mắt</p>\r\n\r\n<p><strong>Xuất xứ:</strong>&nbsp;Việt Nam</p>\r\n', '<p><img alt="" src="https://kidsplaza-1.cdn.vccloud.vn/media/wysiwyg/product/thoi-trang-cho-be/quan-ao-thoi-trang-cho-be/bo-lanh-coc-tay-be-trai-kiza-in-nguoi-nhen-1.jpg" style="width:500px" /></p>\r\n\r\n<p><strong>Họa tiết:</strong>&nbsp;trang tr&iacute; h&igrave;nh người nhện độc đ&aacute;o, l&ocirc;i cuốn</p>\r\n\r\n<p><img alt="" src="https://kidsplaza-1.cdn.vccloud.vn/media/wysiwyg/product/thoi-trang-cho-be/quan-ao-thoi-trang-cho-be/bo-lanh-coc-tay-be-trai-kiza-in-nguoi-nhen-3.JPG" style="width:500px" /></p>\r\n\r\n<p><strong>Độ tuổi:</strong>&nbsp;d&agrave;nh cho b&eacute; từ 1-6 tuổi</p>\r\n\r\n<p><strong>Size:&nbsp;</strong>6 size</p>\r\n\r\n<p><img alt="" src="https://kidsplaza-1.cdn.vccloud.vn/media/wysiwyg/product/thoi-trang-cho-be/quan-ao-thoi-trang-cho-be/bo-lanh-coc-tay-be-trai-kiza-in-nguoi-nhen-2.JPG" style="width:500px" /></p>\r\n', '15364138421536239023bo-lanh-coc-tay-be-trai-kiza-in-nguoi-nhen-1.jpg', 0, 0, 'Trắng', 'S,M,L', 100000),
(7, 3, 12, 'Bộ quần áo cộc bé trai in người nhện Kiza (xanh ghi)', '<h2><strong>Bộ quần &aacute;o cộc b&eacute; trai in người nhện Kiza (xanh ghi) độc đ&aacute;o, l&ocirc;i cuốn</strong></h2>\r\n\r\n<p><strong>Chất liệu:&nbsp;</strong>Vải cotton 100% mềm mại, thấm h&uacute;t mồ h&ocirc;i tốt</p>\r\n\r\n<ul>\r\n	<li>\r\n	<p>Vải cotton mềm mại, an to&agrave;n</p>\r\n	</li>\r\n	<li>\r\n	<p>Thiết kế rộng r&atilde;i, tho&aacute;ng m&aacute;t</p>\r\n	</li>\r\n	<li>\r\n	<p>Trang tr&iacute; người nhện độc đ&aacute;o, l&ocirc;i cuốn</p>\r\n	</li>\r\n	<li>\r\n	<p>Cho b&eacute; từ 1-6 tuổi</p>\r\n	</li>\r\n</ul>\r\n', '<p>&nbsp;</p>\r\n\r\n<p><img alt="" src="https://kidsplaza-1.cdn.vccloud.vn/media/wysiwyg/product/thoi-trang-cho-be/quan-ao-thoi-trang-cho-be/bo-quan-ao-coc-be-trai-in-nguoi-nhen-kiza-xanh-ghi-2.JPG" style="width:500px" /></p>\r\n\r\n<p><strong>Thiết kế:&nbsp;</strong>rộng r&atilde;i, quần short năng động</p>\r\n\r\n<p><img alt="" src="https://kidsplaza-1.cdn.vccloud.vn/media/wysiwyg/product/thoi-trang-cho-be/quan-ao-thoi-trang-cho-be/bo-quan-ao-coc-be-trai-in-nguoi-nhen-kiza-xanh-ghi-1.JPG" style="width:500px" /></p>\r\n\r\n<p><strong>Họa tiết:&nbsp;</strong>trang tr&iacute; người nhện độc đ&aacute;o, l&ocirc;i cuốn</p>\r\n\r\n<p><img alt="" src="https://kidsplaza-1.cdn.vccloud.vn/media/wysiwyg/product/thoi-trang-cho-be/quan-ao-thoi-trang-cho-be/bo-quan-ao-coc-be-trai-in-nguoi-nhen-kiza-xanh-ghi-3.JPG" style="width:500px" /></p>\r\n\r\n<p><strong>Độ tuổi:</strong>&nbsp;d&agrave;nh cho b&eacute; từ 1-6 tuổi</p>\r\n\r\n<p><strong>Size:</strong>&nbsp;6 size</p>\r\n\r\n<p><strong>Xuất xứ:</strong>&nbsp;Việt Nam</p>\r\n', '15364138331536239445bo-quan-ao-coc-be-trai-in-nguoi-nhen-kiza-xanh-ghi-1.jpg', 0, 0, 'Xanh Dương', 'S,M,L', 150000),
(8, 4, 14, 'GIÀY TÂY DA ĐEN G85', '<h3>Điểm nổi bật:</h3>\r\n\r\n<p>Gi&agrave;y T&acirc;y Da Đen G85 chất liệu da b&ograve; thật 100% n&ecirc;n rất &ecirc;m v&agrave; bền đẹp, m&agrave;u đen mờ trang nh&atilde;.</p>\r\n\r\n<p>Thiết kế sang trọng v&agrave; mang lại cảm gi&aacute;c thoải m&aacute;i cho người d&ugrave;ng.</p>\r\n\r\n<p>Mũi nhọn hiện đại v&agrave; chỉnh chu, viền họa tiết đục lỗ thanh lịch, l&oacute;t trong &ecirc;m &aacute;i.</p>\r\n\r\n<p>Đế cao su nguy&ecirc;n khối chắc chắn, tăng ma s&aacute;t.</p>\r\n\r\n<p>Đường chỉ may chắc chắn, đều đẹp .</p>\r\n\r\n<p>Sản phẩm cần c&oacute; để khẳng định đẳng cấp ph&aacute;i mạnh</p>\r\n', '<h3>Điểm nổi bật:</h3>\r\n\r\n<p>Gi&agrave;y T&acirc;y Da Đen G85 chất liệu da b&ograve; thật 100% n&ecirc;n rất &ecirc;m v&agrave; bền đẹp, m&agrave;u đen mờ trang nh&atilde;. Thiết kế sang trọng v&agrave; mang lại cảm gi&aacute;c thoải m&aacute;i cho người d&ugrave;ng. Mũi nhọn hiện đại v&agrave; chỉnh chu, viền họa tiết đục lỗ thanh lịch, l&oacute;t trong &ecirc;m &aacute;i. Đế cao su nguy&ecirc;n khối chắc chắn, tăng ma s&aacute;t. Đường chỉ may chắc chắn, đều đẹp . Sản phẩm cần c&oacute; để khẳng định đẳng cấp ph&aacute;i mạnh<span style="font-family:Courier New,Courier,monospace">.</span></p>\r\n', '15364138231536388533giay-tay-da-den-g85-7062-slide-1.jpg', 0, 0, 'Đen', '39,40,41,42,43', 800000),
(9, 4, 14, 'Giày tây nam kiểu dáng Oxford ', '<h2>&ndash; Chất liệu: Da b&ograve; trơn cao cấp</h2>\r\n\r\n<h2>&ndash; Thiết kế: Kiểu d&aacute;ng oxford, đế kếp</h2>\r\n\r\n<h2>&ndash; Thương hiệu: Đồ da T&acirc;m Anh</h2>\r\n\r\n<h2>&ndash; M&agrave;u sắc: Đen</h2>\r\n', '<h3>Đặc điểm chung sản phẩm gi&agrave;y t&acirc;y nam GNTACS008-D:</h3>\r\n\r\n<p>&nbsp;</p>\r\n\r\n<ul>\r\n	<li>Chất liệu da b&ograve; cao cấp, da thật 100%</li>\r\n	<li>Form gi&agrave;y &ocirc;m ch&acirc;n, thiết kế trẻ trung hiện đại</li>\r\n	<li>Đường chỉ may tỉ mỉ, tinh tế</li>\r\n	<li>Đế chống trơn trượt, thời trang</li>\r\n	<li>M&agrave;u: Đen</li>\r\n</ul>\r\n\r\n<p><img alt="" src="https://tamanh.net/wp-content/uploads/2015/10/KIEN8528.jpg" style="height:1000px; width:1000px" /><img alt="" src="https://2018.tamanh.net/wp-content/uploads/2018/01/Giay-luoi-nam-da-bo-GNTA5577-D-4-1.jpg" style="height:3840px; width:3840px" /></p>\r\n\r\n<p><img alt="" src="https://tamanh.net/wp-content/uploads/2015/10/KIEN8529.jpg" style="height:1000px; width:1000px" /><img alt="" src="https://2018.tamanh.net/wp-content/uploads/2018/01/Giay-luoi-nam-da-bo-GNTA5577-D-3-1.jpg" style="height:3840px; width:3840px" /></p>\r\n\r\n<h3>Thiết kế chi tiết</h3>\r\n\r\n<ul>\r\n	<li>Trẻ trung, nam t&iacute;nh v&agrave; hiện đại l&agrave; điều bạn c&oacute; thể dễ d&agrave;ng nhận thấy trong thiết kế n&agrave;y.</li>\r\n	<li>Thiết kế buộc d&acirc;y sang trọng, đơn giản gi&uacute;p bạn dễ d&agrave;ng kết hợp trang phục</li>\r\n	<li>Chất liệu da cao cấp, mềm mại c&ugrave;ng thiết kế đế gi&agrave;y bằng chất liệu cao su&nbsp;mang lại cảm gi&aacute;c thoải m&aacute;i khi sử dụng.</li>\r\n</ul>\r\n\r\n<h3>M&ocirc; tả sản phẩm:</h3>\r\n\r\n<ul>\r\n	<li>Chất liệu da được tuyển chọn kỹ lưỡng: si&ecirc;u bền, si&ecirc;u mềm</li>\r\n	<li>Đường chỉ may tinh tế, hiện đại</li>\r\n	<li>Đế gi&agrave;y được chắc chắn với phần thiết kế xẻ r&atilde;nh chống trơn trượt mang lại cảm gi&aacute;c thoải m&aacute;i khi sử dụng.</li>\r\n</ul>\r\n\r\n<p><img alt="" src="https://tamanh.net/wp-content/uploads/2015/10/KIEN8530.jpg" style="height:1000px; width:1000px" /></p>\r\n', '15364138151536388801KIEN8528-1.jpg', 0, 20, 'Đen', '39,40,41,42,43', 900000),
(10, 4, 14, 'Giày công sở nam  GNTA6171-D', '<h2>&ndash; Chất liệu: Da b&ograve; trơn</h2>\r\n\r\n<h2>&ndash; Thiết kế: Kiểu d&aacute;ng Oxford buộc d&acirc;y</h2>\r\n\r\n<h2>&ndash; Thương hiệu: Đồ da T&acirc;m Anh</h2>\r\n\r\n<h2>&ndash; M&agrave;u sắc: Đen</h2>\r\n', '<h3>Đặc điểm chung sản phẩm gi&agrave;y t&acirc;y nam GNTA6171-D</h3>\r\n\r\n<ul>\r\n	<li>Chất liệu da b&ograve; cao cấp, da thật 100%</li>\r\n	<li>Form gi&agrave;y &ocirc;m ch&acirc;n, thiết kế trẻ trung hiện đại</li>\r\n	<li>Đường chỉ may tỉ mỉ, tinh tế</li>\r\n	<li>Đế chống trơn trượt, thời trang</li>\r\n	<li>M&agrave;u: Đen</li>\r\n</ul>\r\n\r\n<p><img alt="" src="https://tamanh.net/wp-content/uploads/2018/03/KIEN8464.jpg" style="height:1000px; width:1000px" /><img alt="" src="https://2018.tamanh.net/wp-content/uploads/2018/01/Giay-luoi-nam-da-bo-GNTA5577-D-4-1.jpg" style="height:3840px; width:3840px" /></p>\r\n\r\n<p><img alt="" src="https://tamanh.net/wp-content/uploads/2018/03/KIEN8465.jpg" style="height:1000px; width:1000px" /><img alt="" src="https://2018.tamanh.net/wp-content/uploads/2018/01/Giay-luoi-nam-da-bo-GNTA5577-D-3-1.jpg" style="height:3840px; width:3840px" /></p>\r\n\r\n<h3>Thiết kế chi tiết</h3>\r\n\r\n<ul>\r\n	<li>Trẻ trung, nam t&iacute;nh v&agrave; hiện đại l&agrave; điều bạn c&oacute; thể dễ d&agrave;ng nhận thấy trong thiết kế n&agrave;y.</li>\r\n	<li><strong>Họa tiết đục lỗ c&ugrave;ng form gi&agrave;y mũi nhọn tạo điểm nhấn trong sản phẩm</strong></li>\r\n	<li>Chất liệu da cao cấp, mềm mại c&ugrave;ng thiết kế đế gi&agrave;y bằng chất liệu&nbsp;<strong>cao su &eacute;p gỗ</strong><strong>&nbsp;</strong>mang lại cảm gi&aacute;c thoải m&aacute;i khi sử dụng.</li>\r\n</ul>\r\n\r\n<h3>Chi tiết đế gi&agrave;y</h3>\r\n\r\n<ul>\r\n	<li>Đế gi&agrave;y được thiết kế chắc chắn với lớp cao su &eacute;p gỗ hiện đại mang lại cảm gi&aacute;c thoải m&aacute;i khi sử dụng.</li>\r\n	<li>Thiết kế xẻ r&atilde;nh chống trơn trượt khi sử dụng.</li>\r\n	<li>Thiết kế đế thời trang, hiện đại.</li>\r\n</ul>\r\n\r\n<p><img alt="" src="https://tamanh.net/wp-content/uploads/2018/03/KIEN8466.jpg" style="height:1000px; width:1000px" /></p>\r\n', '15364138061536388924KIEN8464-1.jpg', 0, 20, 'Đen', '39,40,41,42,43', 1200000),
(11, 4, 14, 'Giày nam công sở kiểu Formal', '<h2>&ndash; Chất liệu: Da b&ograve; trơn nhập khẩu</h2>\r\n\r\n<h2>&ndash; Thiết kế: Kiểu d&aacute;ng gi&agrave;y t&acirc;y buộc d&acirc;y</h2>\r\n\r\n<h2>&ndash; Thương hiệu: Đồ da T&acirc;m Anh</h2>\r\n\r\n<h2>&ndash; M&agrave;u sắc: N&acirc;u t&iacute;m</h2>\r\n', '<h3>Đặc điểm chung sản phẩm gi&agrave;y t&acirc;y nam GNTA8620-N:</h3>\r\n\r\n<p>&nbsp;</p>\r\n\r\n<ul>\r\n	<li>Chất liệu da b&ograve; cao cấp, da thật 100%</li>\r\n	<li>Form gi&agrave;y &ocirc;m ch&acirc;n, thiết kế trẻ trung hiện đại</li>\r\n	<li>Đường chỉ may tỉ mỉ, tinh tế</li>\r\n	<li>Đế chống trơn trượt, thời trang</li>\r\n	<li>M&agrave;u: N&acirc;u</li>\r\n</ul>\r\n\r\n<p><img alt="" src="https://tamanh.net/wp-content/uploads/2016/07/KIEN8460.jpg" style="height:1000px; width:1000px" /><img alt="" src="https://2018.tamanh.net/wp-content/uploads/2018/01/Giay-luoi-nam-da-bo-GNTA5577-D-4-1.jpg" style="height:3840px; width:3840px" /></p>\r\n\r\n<p><img alt="" src="https://tamanh.net/wp-content/uploads/2016/07/KIEN8461.jpg" style="height:1000px; width:1000px" /></p>\r\n\r\n<h3>Thiết kế chi tiết</h3>\r\n\r\n<ul>\r\n	<li>Trẻ trung, nam t&iacute;nh v&agrave; hiện đại l&agrave; điều bạn c&oacute; thể dễ d&agrave;ng nhận thấy trong thiết kế n&agrave;y.</li>\r\n	<li>Thiết kế da trơn hiện c&ugrave;ng kiểu gi&agrave;y buộc d&acirc;y hiện đại</li>\r\n	<li>Chất liệu da cao cấp, mềm mại c&ugrave;ng thiết kế đế gi&agrave;y bằng chất liệu cao su &eacute;p gỗ mang lại cảm gi&aacute;c thoải m&aacute;i khi sử dụng.</li>\r\n</ul>\r\n\r\n<h3>Chi tiết đế gi&agrave;y</h3>\r\n\r\n<h3>&nbsp;</h3>\r\n\r\n<ul>\r\n	<li>Đế gi&agrave;y được thiết kế chắc chắn với lớp cao su &eacute;p gỗ hiện đại mang lại cảm gi&aacute;c thoải m&aacute;i khi sử dụng.</li>\r\n	<li>Thiết kế xẻ r&atilde;nh chống trơn trượt khi sử dụng.</li>\r\n	<li>Thiết kế đếph&iacute;p thời trang, hiện đại.</li>\r\n</ul>\r\n', '15364137931536389019KIEN8460-1.jpg', 0, 0, 'Đen', '39,40,41,42,43', 1000000),
(12, 4, 15, 'Sandal mũi nhọn đế thô 5cm da trơn SG988-31AP', '<h1><strong>Sandal mũi nhọn đế th&ocirc; 5cm da trơn SG988-31AP</strong></h1>\r\n', '<p><img alt="sandal-mui-nhon-de-tho-5cm-da-tron-sg988-31ap (1)" src="https://sowon.vn/wp-content/uploads/2018/08/sandal-mui-nhon-de-tho-5cm-da-tron-sg988-31ap-1.jpg" style="height:800px; width:800px" />&nbsp;&nbsp;<img alt="sandal-mui-nhon-de-tho-5cm-da-tron-sg988-31ap (3)" src="https://sowon.vn/wp-content/uploads/2018/08/sandal-mui-nhon-de-tho-5cm-da-tron-sg988-31ap-3.jpg" style="height:800px; width:800px" /><img alt="sandal-mui-nhon-de-tho-5cm-da-tron-sg988-31ap (4)" src="https://sowon.vn/wp-content/uploads/2018/08/sandal-mui-nhon-de-tho-5cm-da-tron-sg988-31ap-4.jpg" style="height:800px; width:800px" /><img alt="sandal-mui-nhon-de-tho-5cm-da-tron-sg988-31ap (1)" src="https://sowon.vn/wp-content/uploads/2018/08/sandal-mui-nhon-de-tho-5cm-da-tron-sg988-31ap-2.jpg" style="height:800px; width:800px" /></p>\r\n', '15364137791536389163sandal-mui-nhon-de-tho-5cm-da-tron-sg988-31ap-2.jpg', 0, 20, 'Vàng', '38,39,40,41,42', 600000),
(13, 4, 15, 'Giày Sneaker nữ Adidas Tubular Viral - ADW301', '<h2>Giới thiệu sản phẩm Gi&agrave;y Sneaker nữ Adidas Tubular Viral - ADW301</h2>\r\n\r\n<p>&bull; Gi&agrave;y&nbsp;thể thao&nbsp;Sneaker&nbsp;được thiết kế trẻ trung, năng động v&agrave; s&agrave;nh điệu, khẳng định phong c&aacute;ch thời trang ri&ecirc;ng của bạn.<br />\r\n&bull; T&ocirc;ng m&agrave;u&nbsp;trung t&iacute;nh, đẳng cấp c&ugrave;ng chất liệu vải mềm mại, tho&aacute;ng m&aacute;t, kh&ocirc;ng mang đến cảm gi&aacute;c đau ch&acirc;n khi phải di chuyển nhiều, sản phẩm tạo n&ecirc;n sự tin tưởng tuyệt đối trong sự lựa chọn của giới trẻ thời nay.<br />\r\n&bull; Th&acirc;n gi&agrave;y được may từ vải sợi cao cấp vừa bền chắc vừa dễ giặt sạch v&agrave; kh&oacute; phai m&agrave;u.<br />\r\n&bull; Đế gi&agrave;y l&agrave;m bằng chất liệu cao su tổng hợp c&oacute; xẻ r&atilde;nh chống trơn trượt, tạo sự &ecirc;m &aacute;i v&agrave; nhẹ nh&agrave;ng khi di chuyển.<br />\r\n&bull; Gi&agrave;y c&oacute; kiểu d&aacute;ng thể thao với mũi tr&ograve;n v&agrave; form &ocirc;m s&aacute;t, bảo vệ ch&acirc;n tốt hơn đồng thời t&ocirc;n l&ecirc;n vẻ năng động, khỏe khoắn.<br />\r\n&bull; Kiểu thắt d&acirc;y thật tiện lợi khi cần điều chỉnh độ rộng của gi&agrave;y.<br />\r\n&bull; Kiểu gi&agrave;y thể thao lu&ocirc;n được ưa chuộng v&igrave; dễ d&agrave;ng kết hợp c&ugrave;ng nhiều phong c&aacute;ch thời trang kh&aacute;c nhau. Bạn c&oacute; thể kết hợp gi&agrave;y c&ugrave;ng &aacute;o &bull; thun, &aacute;o sơ mi v&agrave; quần jeans, đều ph&ugrave; hợp khi đi l&agrave;m, đi chơi hoặc vận động thể thao...</p>\r\n', '<h2>Giới thiệu sản phẩm Gi&agrave;y Sneaker nữ Adidas Tubular Viral - ADW301</h2>\r\n\r\n<p>&bull; Gi&agrave;y&nbsp;thể thao&nbsp;Sneaker&nbsp;được thiết kế trẻ trung, năng động v&agrave; s&agrave;nh điệu, khẳng định phong c&aacute;ch thời trang ri&ecirc;ng của bạn.<br />\r\n&bull; T&ocirc;ng m&agrave;u&nbsp;trung t&iacute;nh, đẳng cấp c&ugrave;ng chất liệu vải mềm mại, tho&aacute;ng m&aacute;t, kh&ocirc;ng mang đến cảm gi&aacute;c đau ch&acirc;n khi phải di chuyển nhiều, sản phẩm tạo n&ecirc;n sự tin tưởng tuyệt đối trong sự lựa chọn của giới trẻ thời nay.<br />\r\n&bull; Th&acirc;n gi&agrave;y được may từ vải sợi cao cấp vừa bền chắc vừa dễ giặt sạch v&agrave; kh&oacute; phai m&agrave;u.<br />\r\n&bull; Đế gi&agrave;y l&agrave;m bằng chất liệu cao su tổng hợp c&oacute; xẻ r&atilde;nh chống trơn trượt, tạo sự &ecirc;m &aacute;i v&agrave; nhẹ nh&agrave;ng khi di chuyển.<br />\r\n&bull; Gi&agrave;y c&oacute; kiểu d&aacute;ng thể thao với mũi tr&ograve;n v&agrave; form &ocirc;m s&aacute;t, bảo vệ ch&acirc;n tốt hơn đồng thời t&ocirc;n l&ecirc;n vẻ năng động, khỏe khoắn.<br />\r\n&bull; Kiểu thắt d&acirc;y thật tiện lợi khi cần điều chỉnh độ rộng của gi&agrave;y.<br />\r\n&bull; Kiểu gi&agrave;y thể thao lu&ocirc;n được ưa chuộng v&igrave; dễ d&agrave;ng kết hợp c&ugrave;ng nhiều phong c&aacute;ch thời trang kh&aacute;c nhau. Bạn c&oacute; thể kết hợp gi&agrave;y c&ugrave;ng &aacute;o &bull; thun, &aacute;o sơ mi v&agrave; quần jeans, đều ph&ugrave; hợp khi đi l&agrave;m, đi chơi hoặc vận động thể thao...</p>\r\n', '153641375815363899961866657_1_L.png', 0, 20, 'Cam', '38,39,40,41,42', 300000),
(14, 4, 15, 'FITFLOP Giày Búp Bê Nữ ', '<p>FITFLOP l&agrave; thương hiệu đến từ Anh quốc, ra đời từ năm 2006.<br />\r\n<br />\r\nC&aacute;c sản phẩm FITFLOP c&oacute; c&ocirc;ng nghệ đế đặc biệt ph&acirc;n t&aacute;n trọng lực v&agrave; hổ trợ cho đ&ocirc;i ch&acirc;n, đế EVA c&oacute; t&iacute;nh đ&agrave;n hồi tốt, giảm shock , ph&ugrave; hợp với mọi hoạt động h&agrave;ng ng&agrave;y v&agrave; mang lại sự dễ chịu cho đ&ocirc;i ch&acirc;n.<br />\r\n<br />\r\nKh&aacute;ch h&agrave;ng mua sản phẩm c&oacute; mức giảm gi&aacute; từ 0% - 40% sẽ được hưởng chế độ bảo h&agrave;nh từ nh&agrave; ph&acirc;n phối ch&iacute;nh h&atilde;ng &amp; độc quyền tại Việt Nam. Chế độ bảo h&agrave;nh được &aacute;p dụng đối với c&aacute;c trường hợp lỗi ph&aacute;t sinh kỹ thuật như bung keo v&agrave; sứt chỉ, lỗi do nh&agrave; sản xuất. Sản phẩm kh&ocirc;ng được bảo h&agrave;nh với c&aacute;c lỗi do qu&aacute; tr&igrave;nh sử dụng như bề mặt da bị nứt, bị trầy xước, bị thấm nước nghi&ecirc;m trọng, đế gi&agrave;y bị m&ograve;n, t&uacute;i bị đứt quai, phụ kiện bị hỏng hoặc<br />\r\nrơi&hellip; Lưu &yacute;: Kh&aacute;ch h&agrave;ng phải giữ lại h&oacute;a đơn mua h&agrave;ng để được tham gia chế độ bảo h&agrave;nh của nh&agrave; ph&acirc;n phối</p>\r\n', '<table>\r\n	<tbody>\r\n		<tr>\r\n			<td>SKU (simple)</td>\r\n			<td>FI484SH87YVWVN</td>\r\n		</tr>\r\n		<tr>\r\n			<td>Chất liệu mặt tr&ecirc;n</td>\r\n			<td>vải</td>\r\n		</tr>\r\n		<tr>\r\n			<td>Chất liệu mặt trong</td>\r\n			<td>vải</td>\r\n		</tr>\r\n		<tr>\r\n			<td>Chất liệu đế</td>\r\n			<td>E.V.A</td>\r\n		</tr>\r\n		<tr>\r\n			<td>M&agrave;u sắc</td>\r\n			<td>Pink</td>\r\n		</tr>\r\n		<tr>\r\n			<td>Xuất xứ</td>\r\n			<td>Indonesia</td>\r\n		</tr>\r\n		<tr>\r\n			<td>Sản phẩm kh&ocirc;ng giảm gi&aacute;</td>\r\n			<td>Sản phẩm n&agrave;y kh&ocirc;ng được &aacute;p dụng với voucher hoặc c&aacute;c khuyến mại kh&aacute;c.</td>\r\n		</tr>\r\n	</tbody>\r\n</table>\r\n', '15364137371536390252Untitled.png', 0, 10, 'Hồng', '38,39,40,41,42', 400000),
(15, 4, 15, '     EVEST Giày Vải Nữ', '<h3>Thu h&uacute;t sự ch&uacute; &yacute; của mọi người với thời trang thanh lịch đến từ thương hiệu Everest. Thiết kế đơn giản cổ điển nhưng mang theo c&aacute;c đường n&eacute;t hiện đại v&ocirc; c&ugrave;ng nổi bật nhờ chất lượng được kiểm duyệt kĩ lưỡng<br />\r\n<br />\r\nChất liệu vải canvas&nbsp;bền chắc<br />\r\n<br />\r\n-Đế l&agrave;m bằng cao su, ma s&aacute;t tốt, kh&ocirc;ng nứt vỡ, &iacute;t bị m&agrave;i m&ograve;n<br />\r\n<br />\r\nMiếng &ecirc;m &aacute;i , tho&aacute;ng m&aacute;t , hạn chế m&ugrave;i h&ocirc;i<br />\r\n<br />\r\n-Kiếu d&aacute;ng thanh lịch , đường n&eacute;t tinh tế sắc sảo , được gia c&ocirc;ng bởi những người thợ l&agrave;nh nghề nhất .<br />\r\n<br />\r\n-Th&iacute;ch hợp đi chơi, dạo phố, dự tiệc , đi l&agrave;m , du lịch<br />\r\n<br />\r\n-Dễ d&agrave;ng kết hợp với c&aacute;c loại trang phục kh&aacute;c nhau nhưng vẫn rất hợp thời trang<br />\r\n<br />\r\nĐược ph&acirc;n phối v&agrave; bảo h&agrave;nh bởi c&ocirc;ng ty TNHH THỜI TRANG EVEREST theo địa chỉ ghi tr&ecirc;n phiếu bảo h&agrave;nh hoặc h&oacute;a đơn.</h3>\r\n', '<table>\r\n	<tbody>\r\n		<tr>\r\n			<td>SKU (simple)</td>\r\n			<td>EV011SH58WZDVN</td>\r\n		</tr>\r\n		<tr>\r\n			<td>Chất liệu mặt tr&ecirc;n</td>\r\n			<td>Vải</td>\r\n		</tr>\r\n		<tr>\r\n			<td>Chất liệu mặt trong</td>\r\n			<td>Vải l&oacute;t</td>\r\n		</tr>\r\n		<tr>\r\n			<td>Chất liệu đế</td>\r\n			<td>Nhựa cao su tổng hợp</td>\r\n		</tr>\r\n		<tr>\r\n			<td>M&agrave;u sắc</td>\r\n			<td>Hồng</td>\r\n		</tr>\r\n		<tr>\r\n			<td>Hướng dẫn sử dụng</td>\r\n			<td>Sau khi sử dụng n&ecirc;n để ở nơi tho&aacute;ng m&aacute;t . N&ecirc;n vệ sinh v&agrave; đ&aacute;nh b&oacute;ng định k&igrave; để giữ gi&agrave;y lu&ocirc;n mới đẹp v&agrave; bền l&acirc;u.</td>\r\n		</tr>\r\n		<tr>\r\n			<td>Xuất xứ</td>\r\n			<td>Việt Nam</td>\r\n		</tr>\r\n		<tr>\r\n			<td>Sản phẩm kh&ocirc;ng giảm gi&aacute;</td>\r\n			<td>Sản phẩm n&agrave;y kh&ocirc;ng được &aacute;p dụng với voucher hoặc c&aacute;c khuyến mại kh&aacute;c.</td>\r\n		</tr>\r\n	</tbody>\r\n</table>\r\n', '153641372715363904741.png', 0, 0, 'Hồng', '38,39,40,41,42', 360000),
(16, 5, 16, ' Áo thể thao nữ Anta ', '<table>\r\n	<tbody>\r\n		<tr>\r\n			<td>\r\n			<h3>Th&agrave;nh phần vải</h3>\r\n			</td>\r\n			<td>\r\n			<h3>92% Cotton, 8% Spandex</h3>\r\n			</td>\r\n		</tr>\r\n		<tr>\r\n			<td>\r\n			<h3>M&agrave;u sắc</h3>\r\n			</td>\r\n			<td>\r\n			<h3>H&ocirc;̀ng</h3>\r\n			</td>\r\n		</tr>\r\n		<tr>\r\n			<td>\r\n			<h3>Xuất xứ</h3>\r\n			</td>\r\n			<td>\r\n			<h3>Trung Quốc</h3>\r\n			</td>\r\n		</tr>\r\n	</tbody>\r\n</table>\r\n', '<table>\r\n	<tbody>\r\n		<tr>\r\n			<td>\r\n			<h3>Th&agrave;nh phần vải</h3>\r\n			</td>\r\n			<td>\r\n			<h3>92% Cotton, 8% Spandex</h3>\r\n			</td>\r\n		</tr>\r\n		<tr>\r\n			<td>\r\n			<h3>M&agrave;u sắc</h3>\r\n			</td>\r\n			<td>\r\n			<h3>H&ocirc;̀ng</h3>\r\n			</td>\r\n		</tr>\r\n		<tr>\r\n			<td>\r\n			<h3>Xuất xứ</h3>\r\n			</td>\r\n			<td>\r\n			<h3>Trung Quốc</h3>\r\n			</td>\r\n		</tr>\r\n	</tbody>\r\n</table>\r\n', '153641371815363906861.png', 0, 0, 'Hồng', 'M,L', 250000),
(17, 5, 16, 'Thebrashop Áo thể thao', '<h2>Th&ocirc;ng tin sản phẩm&nbsp;(M&atilde; SP: PRI1166485 - M&atilde; SKU: 60040046_X&aacute;m )</h2>\r\n\r\n<table>\r\n	<tbody>\r\n		<tr>\r\n			<td>\r\n			<h4>Số đo người mẫu</h4>\r\n			</td>\r\n			<td>\r\n			<h4>89 - 60 - 86- 177cm</h4>\r\n			</td>\r\n		</tr>\r\n		<tr>\r\n			<td>\r\n			<h4>Size người mẫu mặc</h4>\r\n			</td>\r\n			<td>\r\n			<h4>One size</h4>\r\n			</td>\r\n		</tr>\r\n		<tr>\r\n			<td>\r\n			<h4>Xuất xứ</h4>\r\n			</td>\r\n			<td>\r\n			<h4>Việt Nam</h4>\r\n			</td>\r\n		</tr>\r\n	</tbody>\r\n</table>\r\n', '<h4><strong>Hướng dẫn sử dụng</strong></h4>\r\n\r\n<ul>\r\n	<li>\r\n	<h4>Kh&ocirc;ng giặt chung với sản phẩm kh&aacute;c m&agrave;u</h4>\r\n	</li>\r\n	<li>\r\n	<h4>Kh&ocirc;ng sử dụng bột giặt c&oacute; chất tẩy qu&aacute; mạnh</h4>\r\n	</li>\r\n	<li>\r\n	<h4>Phơi nơi r&acirc;m m&aacute;t, tho&aacute;ng kh&iacute;</h4>\r\n	</li>\r\n</ul>\r\n\r\n<h4><strong>Th&ocirc;ng tin thương hiệu</strong></h4>\r\n\r\n<h4>Thebrashop l&agrave; thương hiệu độc quyền của APRIL&amp;ANNIE Ltd. Sản phẩm thời trang của Thebrashop được thiết kế v&agrave; sản xuất tại Việt Nam với nguy&ecirc;n liệu ngoại nhập cao cấp, chất lượng quốc tế được điều chỉnh ph&ugrave; hợp với d&aacute;ng phụ nữ Việt Nam. Kiểu d&aacute;ng sản phẩm của Thebrashop lu&ocirc;n theo những xu hướng thời trang thế giới mới nhất.</h4>\r\n', '153641370615363908171.png', 0, 0, 'Xám', 'M,L', 280000),
(18, 5, 16, 'iBasic Áo thể thao ', '<table>\r\n	<tbody>\r\n		<tr>\r\n			<td>\r\n			<h4>Th&agrave;nh phần vải</h4>\r\n			</td>\r\n			<td>\r\n			<h4>88% Polyester, 12% Clastane</h4>\r\n			</td>\r\n		</tr>\r\n		<tr>\r\n			<td>\r\n			<h4>Số đo sản phẩm mẫu mặc</h4>\r\n			</td>\r\n			<td>\r\n			<h4>Vai liền: 38cm, Ngực: 80cm, D&agrave;i: 60cm, D&agrave;i tay: 60cm, Rộng tay: 8cm</h4>\r\n			</td>\r\n		</tr>\r\n		<tr>\r\n			<td>\r\n			<h4>Số đo người mẫu</h4>\r\n			</td>\r\n			<td>\r\n			<h4>89 - 60 - 86 - 177(cm)</h4>\r\n			</td>\r\n		</tr>\r\n		<tr>\r\n			<td>\r\n			<h4>Size người mẫu mặc</h4>\r\n			</td>\r\n			<td>\r\n			<h4>S</h4>\r\n			</td>\r\n		</tr>\r\n		<tr>\r\n			<td>\r\n			<h4>M&agrave;u sắc</h4>\r\n			</td>\r\n			<td>\r\n			<h4>Xanh da trời</h4>\r\n			</td>\r\n		</tr>\r\n		<tr>\r\n			<td>\r\n			<h4>Xuất xứ</h4>\r\n			</td>\r\n			<td>\r\n			<h4>Việt Nam</h4>\r\n			</td>\r\n		</tr>\r\n	</tbody>\r\n</table>\r\n', '<h4><strong>&Aacute;o thể thao iBasic IBX048 cổ tim tay d&agrave;i m&agrave;u xanh da trời&nbsp;</strong>được thiết kế với chất liệu vải tổng hợp nh&acirc;n tạo chuy&ecirc;n sản xuất h&agrave;ng thể thao gi&uacute;p co gi&atilde;n 4 chiều, vừa vặn với cơ thể nhưng vẫn mang lại cảm gi&aacute;c thoải m&aacute;i, tho&aacute;ng m&aacute;t khi vận động. B&ecirc;n cạnh đ&oacute;, &aacute;o với thiết kế kiểu d&aacute;ng đơn giản, trẻ trung, m&agrave;u sắc đa dạng gi&uacute;p người d&ugrave;ng dễ d&agrave;ng kết hợp với nhiều kiểu quần &aacute;o kh&aacute;c nhau.</h4>\r\n\r\n<h4><strong>Hướng dẫn bảo quản</strong></h4>\r\n\r\n<ul>\r\n	<li>\r\n	<h4>Kh&ocirc;ng giặt với quần &aacute;o kh&aacute;c m&agrave;u</h4>\r\n	</li>\r\n	<li>\r\n	<h4>Giặt tẩy ri&ecirc;ng lẻ bằng nước ấm</h4>\r\n	</li>\r\n	<li>\r\n	<h4>Kh&ocirc;ng d&ugrave;ng nước xả vải</h4>\r\n	</li>\r\n	<li>\r\n	<h4>Kh&ocirc;ng d&ugrave;ng chất tẩy mạnh để tr&aacute;nh mất m&agrave;u v&agrave; ph&aacute; hủy sợi vải</h4>\r\n	</li>\r\n	<li>\r\n	<h4>Phơi kh&ocirc; bằng s&agrave;o</h4>\r\n	</li>\r\n	<li>\r\n	<h4>Kh&ocirc;ng được ủi</h4>\r\n	</li>\r\n	<li>\r\n	<h4>Kh&ocirc;ng giặt kh&ocirc;</h4>\r\n	</li>\r\n	<li>\r\n	<h4>N&ecirc;n bỏ sản phẩm v&agrave;o t&uacute;i giặt trong trường hợp d&ugrave;ng m&aacute;y giặt</h4>\r\n	</li>\r\n</ul>\r\n\r\n<h4><strong>Th&ocirc;ng tin thương hiệu</strong></h4>\r\n\r\n<h4>Ra đời từ năm 1990 iBasic l&agrave; một trong những thương hiệu đồ l&oacute;t ph&aacute;t triển bền vững nhất tại thị trường Mỹ. C&aacute;c mẫu thiết kế đầy s&aacute;ng tạo của iBasic mang phong c&aacute;ch Ch&acirc;u &Acirc;u hiện đại đ&aacute;p ứng tốt nhu cầu của những kh&aacute;ch h&agrave;ng khắt khe. Đặc biệt, iBasic mang đến cho kh&aacute;ch h&agrave;ng nhiều trải nghiệm mới về đồ l&oacute;t mang t&iacute;nh ph&aacute; c&aacute;ch, t&aacute;o bạo v&agrave; v&ocirc; c&ugrave;ng gợi cảm qua c&aacute;c bộ sưu tập trang phục đầm ngủ babydoll, flyaway, &aacute;o nịt ngực corset, &aacute;o ngực nịt vớ bustier v&agrave; c&aacute;c bộ role play theo chủ đề.</h4>\r\n', '15364136911536390982Untitled.png', 0, 10, 'Xanh Da Trời', 'M,L', 400000),
(19, 5, 16, '  Bộ đồ thể thao nữ Narsis ', '<h4>Bộ đồ thể thao nữ Narsis m&agrave;u đen phối viền t&iacute;m sở hữu chất liệu vải d&agrave;y dặn, vừa gi&uacute;p giữ ấm cơ thể cho ph&aacute;i đẹp, vừa mang lại h&igrave;nh ảnh trẻ trung, cảm gi&aacute;c thoải m&aacute;i tối đa để tham gia c&aacute;c hoạt động thể dục thể thao.</h4>\r\n\r\n<ul>\r\n	<li>\r\n	<h4>Bộ đồ gồm 01 &aacute;o v&agrave; 01 quần</h4>\r\n	</li>\r\n	<li>\r\n	<h4>Chất liệu vải tổng hợp d&agrave;y dặn, c&oacute; độ bền cao, ấm &aacute;p</h4>\r\n	</li>\r\n	<li>\r\n	<h4>&Aacute;o d&agrave;i tay, phối kh&oacute;a k&eacute;o mượt m&agrave;</h4>\r\n	</li>\r\n	<li>\r\n	<h4>Quần d&agrave;i cạp chun</h4>\r\n	</li>\r\n	<li>\r\n	<h4>Xuất xứ: Việt Nam</h4>\r\n	</li>\r\n	<li>\r\n	<h4>Size người mẫu mặc: L. Số đo người mẫu:&nbsp;88 - 61 -90 -169 (cm)</h4>\r\n	</li>\r\n</ul>\r\n', '<p><strong>Bộ đồ thể thao nữ Narsis m&agrave;u đen phối viền t&iacute;m</strong>&nbsp;sở hữu chất liệu vải d&agrave;y dặn, vừa gi&uacute;p giữ ấm cơ thể cho ph&aacute;i đẹp, vừa mang lại h&igrave;nh ảnh trẻ trung, cảm gi&aacute;c thoải m&aacute;i tối đa để tham gia c&aacute;c hoạt động thể dục thể thao.</p>\r\n\r\n<p><strong>Hướng dẫn sử dụng</strong></p>\r\n\r\n<ul>\r\n	<li>N&ecirc;n giặt bằng tay</li>\r\n	<li>Kh&ocirc;ng sử dụng chất tẩy</li>\r\n	<li>Phơi kh&ocirc; ở nơi tho&aacute;ng m&aacute;t hoặc c&oacute; nắng nhẹ</li>\r\n	<li>Ủi ở nhiệt độ trung b&igrave;nh</li>\r\n</ul>\r\n\r\n<p><strong>Th&ocirc;ng tin thương hiệu</strong></p>\r\n\r\n<p>Narsis l&agrave; thương hiệu thời trang may mặc của H&agrave;n Quốc. Năm 2004, c&ocirc;ng ty Viko Glowin H&agrave;n Quốc ch&iacute;nh thức k&yacute; hợp đồng chuyển giao c&ocirc;ng nghệ v&agrave; quyền sở hữu thương hiệu Narsis H&agrave;n Quốc cho c&ocirc;ng ty TNHH may thời trang Nam Phương. Với mục ti&ecirc;u trở th&agrave;nh thương hiệu chuy&ecirc;n sản xuất v&agrave; ph&acirc;n phối sản phẩm đồ l&oacute;t, đồ thể thao, đồ mặc nh&agrave; cao cấp tại thị trường Việt Nam, Nam Phương đ&atilde; kế thừa, kh&ocirc;ng ngừng tự ho&agrave;n thiện, đầu tư m&aacute;y m&oacute;c hiện đại, n&acirc;ng cao chất lượng sản phẩm, bắt kịp xu hướng thời trang thế giới, tạo dựng thương hiệu Narsis uy t&iacute;n trong l&ograve;ng đ&ocirc;ng đảo người ti&ecirc;u d&ugrave;ng.</p>\r\n', '153641368115363913983.png', 1, 20, 'Đen', 'M,L', 390000),
(20, 5, 17, 'Anta Áo thể thao nam Anta ', '<ul>\r\n	<li>\r\n	<h3>Chất liệu Polyester mềm mịn</h3>\r\n	</li>\r\n	<li>\r\n	<h3>&Aacute;o cổ bẻ, tay ngắn</h3>\r\n	</li>\r\n	<li>\r\n	<h3>Xuất xứ: Trung Quốc</h3>\r\n	</li>\r\n</ul>\r\n', '<h4><strong>&Aacute;o thể thao nam Anta 85827111-2 m&agrave;u xanh dương</strong>&nbsp;được may từ chất liệu vải Polyester với bề mặt vải mềm, đường chỉ may tỉ mỉ, tinh tế, v&ocirc; c&ugrave;ng thoải m&aacute;i khi vận động, hoạt động thể thao. Sản phẩm được thiết kế đơn giản, trẻ trung mang lại sự khỏe khoắn, năng động cho ph&aacute;i mạnh.</h4>\r\n\r\n<h4><strong>Ch&iacute;nh s&aacute;ch bảo h&agrave;nh</strong></h4>\r\n\r\n<ul>\r\n	<li>\r\n	<h4>Thời gian đổi trong v&ograve;ng 3 ng&agrave;y với c&aacute;c trường hợp (Đổi size, đổi m&agrave;u sắc, kiểu d&aacute;ng)</h4>\r\n	</li>\r\n	<li>\r\n	<h4>Điều kiện: Sản phẩm c&ograve;n nguy&ecirc;n tem m&aacute;c, chưa qua sử dụng v&agrave; sản phẩm phải c&oacute; h&oacute;a đơn mua h&agrave;ng k&egrave;m theo</h4>\r\n	</li>\r\n	<li>\r\n	<h4>Chỉ được đổi một lần duy nhất</h4>\r\n	</li>\r\n</ul>\r\n\r\n<h4><strong>Hướng dẫn bảo quản</strong></h4>\r\n\r\n<ul>\r\n	<li>\r\n	<h4>Giặt với nước ở nhiệt độ thường</h4>\r\n	</li>\r\n	<li>\r\n	<h4>Kh&ocirc;ng giặt m&aacute;y</h4>\r\n	</li>\r\n	<li>\r\n	<h4>Kh&ocirc;ng sử dụng chất tẩy mạnh</h4>\r\n	</li>\r\n	<li>\r\n	<h4>Tr&aacute;nh phơi trực tiếp dưới &aacute;nh nắng gắt</h4>\r\n	</li>\r\n</ul>\r\n\r\n<h4><strong>Th&ocirc;ng tin thương hiệu</strong></h4>\r\n\r\n<h4>Anta l&agrave; m&ocirc;̣t trong những thương hiệu thời trang thể thao uy t&iacute;n Trung Quốc chuy&ecirc;n sản xuất v&agrave; kinh doanh quần &aacute;o, gi&agrave;y thể thao v&agrave; phụ kiện đi k&egrave;m. Với slogan &quot;Keep Moving...&quot; thể hiện sự vận động, phấn đấu kh&ocirc;ng ngừng v&agrave; ph&aacute;t triển đi l&ecirc;n; c&ugrave;ng t&ocirc;n chỉ &ldquo;Th&agrave;nh thật, chữ t&iacute;n, thương hiệu trăm năm&rdquo;, Anta được vinh danh l&agrave; &ldquo;Thương hiệu nổi tiếng Trung Quốc&rdquo;, &ldquo;Nh&atilde;n hiệu nổi bật Trung Quốc&rdquo;, v&agrave; l&agrave; &ldquo;Sản phẩm miễn kiểm tra chất lượng&rdquo;. Anta chiếm vị tr&iacute; &ldquo;Thương hiệu thời trang thể thao bậc nhất trong bảng gi&aacute; trị thương hiệu&quot; (do tạp ch&iacute; Forbes c&ocirc;ng bố).</h4>\r\n', '1536413664153641358515363915264.png', 1, 0, 'Xanh Dương', 'XL, XXL', 350000),
(21, 5, 17, 'Anta Bộ thể thao nam Anta', '<ul>\r\n	<li>\r\n	<h4><span style="font-family:Arial,Helvetica,sans-serif">Chất liệu Polyester mềm mịn</span></h4>\r\n	</li>\r\n	<li>\r\n	<h4><span style="font-family:Arial,Helvetica,sans-serif">&Aacute;o cổ tr&ograve;n, s&aacute;t n&aacute;ch</span></h4>\r\n	</li>\r\n	<li>\r\n	<h4><span style="font-family:Arial,Helvetica,sans-serif">Quần shorts lưng chun</span></h4>\r\n	</li>\r\n	<li>\r\n	<h4><span style="font-family:Arial,Helvetica,sans-serif">Xuất xứ: Trung Quốc</span></h4>\r\n	</li>\r\n</ul>\r\n', '<h3><small><big><strong>Bộ thể thao nam Anta 85821201-1 m&agrave;u trắng</strong>&nbsp;được may từ chất liệu vải Polyester với nhiều ưu điểm như co gi&atilde;n tốt, bề mặt vải mềm, đường chỉ may tỉ mỉ, tinh tế, v&ocirc; c&ugrave;ng thoải m&aacute;i khi vận động, hoạt động thể thao. Sản phẩm được thiết kế đơn giản, trẻ trung mang lại sự khỏe khoắn, năng động cho ph&aacute;i mạnh.</big></small></h3>\r\n\r\n<h3><small><big><strong>Ch&iacute;nh s&aacute;ch bảo h&agrave;nh</strong></big></small></h3>\r\n\r\n<ul>\r\n	<li>\r\n	<h3><small><big>Thời gian đổi trong v&ograve;ng 3 ng&agrave;y với c&aacute;c trường hợp (Đổi size, đổi m&agrave;u sắc, kiểu d&aacute;ng)</big></small></h3>\r\n	</li>\r\n	<li>\r\n	<h3><small><big>Điều kiện: Sản phẩm c&ograve;n nguy&ecirc;n tem m&aacute;c, chưa qua sử dụng v&agrave; sản phẩm phải c&oacute; h&oacute;a đơn mua h&agrave;ng k&egrave;m theo</big></small></h3>\r\n	</li>\r\n	<li>\r\n	<h3><small><big>Chỉ được đổi một lần duy nhất</big></small></h3>\r\n	</li>\r\n</ul>\r\n\r\n<h3><small><big><strong>Hướng dẫn bảo quản</strong></big></small></h3>\r\n\r\n<ul>\r\n	<li>\r\n	<h3><small><big>Giặt với nước ở nhiệt độ thường</big></small></h3>\r\n	</li>\r\n	<li>\r\n	<h3><small><big>Kh&ocirc;ng giặt m&aacute;y</big></small></h3>\r\n	</li>\r\n	<li>\r\n	<h3><small><big>Kh&ocirc;ng sử dụng chất tẩy mạnh</big></small></h3>\r\n	</li>\r\n	<li>\r\n	<h3><small><big>Tr&aacute;nh phơi trực tiếp dưới &aacute;nh nắng gắt</big></small></h3>\r\n	</li>\r\n</ul>\r\n\r\n<h3><small><big><strong>Th&ocirc;ng tin thương hiệu</strong></big></small></h3>\r\n\r\n<h3><small><big>Anta l&agrave; m&ocirc;̣t trong những thương hiệu thời trang thể thao uy t&iacute;n Trung Quốc chuy&ecirc;n sản xuất v&agrave; kinh doanh quần &aacute;o, gi&agrave;y thể thao v&agrave; phụ kiện đi k&egrave;m. Với slogan &quot;Keep Moving...&quot; thể hiện sự vận động, phấn đấu kh&ocirc;ng ngừng v&agrave; ph&aacute;t triển đi l&ecirc;n; c&ugrave;ng t&ocirc;n chỉ &ldquo;Th&agrave;nh thật, chữ t&iacute;n, thương hiệu trăm năm&rdquo;, Anta được vinh danh l&agrave; &ldquo;Thương hiệu nổi tiếng Trung Quốc&rdquo;, &ldquo;Nh&atilde;n hiệu nổi bật Trung Quốc&rdquo;, v&agrave; l&agrave; &ldquo;Sản phẩm miễn kiểm tra chất lượng&rdquo;. Anta chiếm vị tr&iacute; &ldquo;Thương hiệu thời trang thể thao bậc nhất trong bảng gi&aacute; trị thương hiệu&quot; (do tạp ch&iacute; Forbes c&ocirc;ng bố).</big></small></h3>\r\n', '153641351615363916785.png', 0, 0, 'Trắng', 'XL, XXL', 560000),
(22, 5, 17, 'Anta Bộ thể thao nam Anta', '<ul>\r\n	<li>\r\n	<h3>Chất liệu Polyester mềm mịn</h3>\r\n	</li>\r\n	<li>\r\n	<h3>&Aacute;o cổ tr&ograve;n, s&aacute;t n&aacute;ch</h3>\r\n	</li>\r\n	<li>\r\n	<h3>Quần shorts lưng chun</h3>\r\n	</li>\r\n	<li>\r\n	<h3>Xuất xứ: Trung Quốc</h3>\r\n	</li>\r\n</ul>\r\n', '<h4><strong>Bộ thể thao nam Anta 85821202-2 m&agrave;u trắng</strong>&nbsp;được may từ chất liệu vải Polyester với nhiều ưu điểm như co gi&atilde;n tốt, bề mặt vải mềm, đường chỉ may tỉ mỉ, tinh tế, v&ocirc; c&ugrave;ng thoải m&aacute;i khi vận động, hoạt động thể thao. Sản phẩm được thiết kế đơn giản, trẻ trung mang lại sự khỏe khoắn, năng động cho ph&aacute;i mạnh.</h4>\r\n\r\n<h4><strong>Ch&iacute;nh s&aacute;ch bảo h&agrave;nh</strong></h4>\r\n\r\n<ul>\r\n	<li>\r\n	<h4>Thời gian đổi trong v&ograve;ng 3 ng&agrave;y với c&aacute;c trường hợp (Đổi size, đổi m&agrave;u sắc, kiểu d&aacute;ng)</h4>\r\n	</li>\r\n	<li>\r\n	<h4>Điều kiện: Sản phẩm c&ograve;n nguy&ecirc;n tem m&aacute;c, chưa qua sử dụng v&agrave; sản phẩm phải c&oacute; h&oacute;a đơn mua h&agrave;ng k&egrave;m theo</h4>\r\n	</li>\r\n	<li>\r\n	<h4>Chỉ được đổi một lần duy nhất</h4>\r\n	</li>\r\n</ul>\r\n\r\n<h4><strong>Hướng dẫn bảo quản</strong></h4>\r\n\r\n<ul>\r\n	<li>\r\n	<h4>Giặt với nước ở nhiệt độ thường</h4>\r\n	</li>\r\n	<li>\r\n	<h4>Kh&ocirc;ng giặt m&aacute;y</h4>\r\n	</li>\r\n	<li>\r\n	<h4>Kh&ocirc;ng sử dụng chất tẩy mạnh</h4>\r\n	</li>\r\n	<li>\r\n	<h4>Tr&aacute;nh phơi trực tiếp dưới &aacute;nh nắng gắt</h4>\r\n	</li>\r\n</ul>\r\n\r\n<h4><strong>Th&ocirc;ng tin thương hiệu</strong></h4>\r\n\r\n<h4>Anta l&agrave; m&ocirc;̣t trong những thương hiệu thời trang thể thao uy t&iacute;n Trung Quốc chuy&ecirc;n sản xuất v&agrave; kinh doanh quần &aacute;o, gi&agrave;y thể thao v&agrave; phụ kiện đi k&egrave;m. Với slogan &quot;Keep Moving...&quot; thể hiện sự vận động, phấn đấu kh&ocirc;ng ngừng v&agrave; ph&aacute;t triển đi l&ecirc;n; c&ugrave;ng t&ocirc;n chỉ &ldquo;Th&agrave;nh thật, chữ t&iacute;n, thương hiệu trăm năm&rdquo;, Anta được vinh danh l&agrave; &ldquo;Thương hiệu nổi tiếng Trung Quốc&rdquo;, &ldquo;Nh&atilde;n hiệu nổi bật Trung Quốc&rdquo;, v&agrave; l&agrave; &ldquo;Sản phẩm miễn kiểm tra chất lượng&rdquo;. Anta chiếm vị tr&iacute; &ldquo;Thương hiệu thời trang thể thao bậc nhất trong bảng gi&aacute; trị thương hiệu&quot; (do tạp ch&iacute; Forbes c&ocirc;ng bố).</h4>\r\n', '153641350615363917806.png', 0, 0, 'Trắng', 'XL, XXL', 450000),
(23, 5, 17, 'Anta Bộ thể thao nam Anta ', '<ul>\r\n	<li>\r\n	<h3>Chất liệu Polyester mềm mịn</h3>\r\n	</li>\r\n	<li>\r\n	<h3>&Aacute;o cổ tr&ograve;n, s&aacute;t n&aacute;ch</h3>\r\n	</li>\r\n	<li>\r\n	<h3>Quần shorts lưng chun</h3>\r\n	</li>\r\n	<li>\r\n	<h3>Xuất xứ: Trung Quốc</h3>\r\n	</li>\r\n</ul>\r\n', '<h4><strong>Bộ thể thao nam Anta 85821201-2 m&agrave;u xanh dương</strong>&nbsp;được may từ chất liệu vải Polyester với nhiều ưu điểm như co gi&atilde;n tốt, bề mặt vải mềm, đường chỉ may tỉ mỉ, tinh tế, v&ocirc; c&ugrave;ng thoải m&aacute;i khi vận động, hoạt động thể thao. Sản phẩm được thiết kế đơn giản, trẻ trung mang lại sự khỏe khoắn, năng động cho ph&aacute;i mạnh.</h4>\r\n\r\n<h4><strong>Ch&iacute;nh s&aacute;ch bảo h&agrave;nh</strong></h4>\r\n\r\n<ul>\r\n	<li>\r\n	<h4>Thời gian đổi trong v&ograve;ng 3 ng&agrave;y với c&aacute;c trường hợp (Đổi size, đổi m&agrave;u sắc, kiểu d&aacute;ng)</h4>\r\n	</li>\r\n	<li>\r\n	<h4>Điều kiện: Sản phẩm c&ograve;n nguy&ecirc;n tem m&aacute;c, chưa qua sử dụng v&agrave; sản phẩm phải c&oacute; h&oacute;a đơn mua h&agrave;ng k&egrave;m theo</h4>\r\n	</li>\r\n	<li>\r\n	<h4>Chỉ được đổi một lần duy nhất</h4>\r\n	</li>\r\n</ul>\r\n\r\n<h4><strong>Hướng dẫn bảo quản</strong></h4>\r\n\r\n<ul>\r\n	<li>\r\n	<h4>Giặt với nước ở nhiệt độ thường</h4>\r\n	</li>\r\n	<li>\r\n	<h4>Kh&ocirc;ng giặt m&aacute;y</h4>\r\n	</li>\r\n	<li>\r\n	<h4>Kh&ocirc;ng sử dụng chất tẩy mạnh</h4>\r\n	</li>\r\n	<li>\r\n	<h4>Tr&aacute;nh phơi trực tiếp dưới &aacute;nh nắng gắt</h4>\r\n	</li>\r\n</ul>\r\n\r\n<h4><strong>Th&ocirc;ng tin thương hiệu</strong></h4>\r\n\r\n<h4>Anta l&agrave; m&ocirc;̣t trong những thương hiệu thời trang thể thao uy t&iacute;n Trung Quốc chuy&ecirc;n sản xuất v&agrave; kinh doanh quần &aacute;o, gi&agrave;y thể thao v&agrave; phụ kiện đi k&egrave;m. Với slogan &quot;Keep Moving...&quot; thể hiện sự vận động, phấn đấu kh&ocirc;ng ngừng v&agrave; ph&aacute;t triển đi l&ecirc;n; c&ugrave;ng t&ocirc;n chỉ &ldquo;Th&agrave;nh thật, chữ t&iacute;n, thương hiệu trăm năm&rdquo;, Anta được vinh danh l&agrave; &ldquo;Thương hiệu nổi tiếng Trung Quốc&rdquo;, &ldquo;Nh&atilde;n hiệu nổi bật Trung Quốc&rdquo;, v&agrave; l&agrave; &ldquo;Sản phẩm miễn kiểm tra chất lượng&rdquo;. Anta chiếm vị tr&iacute; &ldquo;Thương hiệu thời trang thể thao bậc nhất trong bảng gi&aacute; trị thương hiệu&quot; (do tạp ch&iacute; Forbes c&ocirc;ng bố).</h4>\r\n', '153641349815363919027.png', 0, 0, 'Xanh Dương', 'XL, XXL', 400000),
(24, 5, 18, 'Bộ  thể thao cho bé gái ', '<ul>\r\n	<li>\r\n	<h3>QUẦN &Aacute;O THU Đ&Ocirc;NG CHO B&Eacute; TỪ 6-18KG.</h3>\r\n	</li>\r\n	<li>\r\n	<h3>Chất da c&aacute; ko x&ugrave; thấm h&uacute;t mồ h&ocirc;i, phong c&aacute;ch thời trang xinh xắn</h3>\r\n	</li>\r\n	<li>\r\n	<h3>Họa tiết, m&agrave;u sắc, h&igrave;nh ảnh đ&aacute;ng y&ecirc;u</h3>\r\n	</li>\r\n	<li>\r\n	<h3>Đường may cẩn thận, chắc chắn. 1 đổi 1 nếu lỗi do nh&agrave; sản xuất v&agrave; h&agrave;ng c&ograve;n nguy&ecirc;n tem</h3>\r\n	</li>\r\n	<li>\r\n	<h3>Với ưu điểm mềm mại, ấm &aacute;p m&agrave; năng động, bộ quần &aacute;o thu đ&ocirc;ng&nbsp;cho c&aacute;c b&eacute; sẽ l&agrave; lựa chọn kh&ocirc;ng thể bỏ qua cho bố mẹ đang quan t&acirc;m tới sản phẩm. M&agrave;u sắc quần &aacute;o lựa chọn v&ocirc; c&ugrave;ng tươi s&aacute;ng v&agrave; nổi bật</h3>\r\n	</li>\r\n</ul>\r\n', '<ul>\r\n	<li>QUẦN &Aacute;O THU Đ&Ocirc;NG CHO B&Eacute; TỪ 6-18KG.</li>\r\n	<li>Chất da c&aacute; ko x&ugrave; thấm h&uacute;t mồ h&ocirc;i, phong c&aacute;ch thời trang xinh xắn</li>\r\n	<li>Họa tiết, m&agrave;u sắc, h&igrave;nh ảnh đ&aacute;ng y&ecirc;u</li>\r\n	<li>Đường may cẩn thận, chắc chắn. 1 đổi 1 nếu lỗi do nh&agrave; sản xuất v&agrave; h&agrave;ng c&ograve;n nguy&ecirc;n tem</li>\r\n	<li>Với ưu điểm mềm mại, ấm &aacute;p m&agrave; năng động, bộ quần &aacute;o thu đ&ocirc;ng&nbsp;cho c&aacute;c b&eacute; sẽ l&agrave; lựa chọn kh&ocirc;ng thể bỏ qua cho bố mẹ đang quan t&acirc;m tới sản phẩm. M&agrave;u sắc quần &aacute;o lựa chọn v&ocirc; c&ugrave;ng tươi s&aacute;ng v&agrave; nổi bật</li>\r\n	<li>SHOP XIN CAM KẾT VỀ CHẤT LƯỢNG.&nbsp;<br />\r\n	Tham khảo k&iacute;ch thước sản phẩm tương ứng c&acirc;n nặng của b&eacute; v&agrave; đặt size:<br />\r\n	Số 1: Từ 6--&gt; 10kg<br />\r\n	Số 2: Tr&ecirc;n 10kg--&gt; 12kg<br />\r\n	Số 3: Tr&ecirc;n 10kg--&gt;14kg<br />\r\n	Số 4: Tr&ecirc;n 14kg--&gt; 16kg<br />\r\n	Số 5: Tr&ecirc;n 16kg--&gt; 18kg</li>\r\n	<li>&nbsp;</li>\r\n</ul>\r\n\r\n<p><img src="https://media3.scdn.vn/img2/2018/1_14/eheCdN_simg_d0daf0_800x1200_max.jpg" /></p>\r\n\r\n<ul>\r\n	<li>Chất liệu: Nỉ da c&aacute; d&agrave;y mịn</li>\r\n	<li>Cho b&eacute; từ 3-10 tuổi</li>\r\n</ul>\r\n\r\n<p><br />\r\n<img src="https://media3.scdn.vn/img2/2018/1_14/ZSlCrg_simg_d0daf0_800x1200_max.jpg" /></p>\r\n\r\n<ul>\r\n	<li>Chất liệu tho&aacute;ng, thấm h&uacute;t mồ h&ocirc;i</li>\r\n</ul>\r\n\r\n<p><br />\r\n<br />\r\n<img src="https://media3.scdn.vn/img2/2018/1_14/PPmCjj_simg_d0daf0_800x1200_max.jpg" /></p>\r\n\r\n<ul>\r\n	<li>Sử dụng m&ugrave;a thu đ&ocirc;ng, trong thời tiết se lạnh v&agrave; lạnh</li>\r\n</ul>\r\n\r\n<p><br />\r\n<img src="https://media3.scdn.vn/img2/2018/1_14/YgCDW6_simg_d0daf0_800x1200_max.jpg" /></p>\r\n\r\n<ul>\r\n	<li>Cho b&eacute; đi học, đi chơi, ở nh&agrave;, đi ngủ</li>\r\n</ul>\r\n', '15364134881536392086YgCDW6_simg_de2fe0_500x500_maxb.jpg', 0, 20, 'Đỏ', 'S', 150000),
(25, 5, 18, 'BỘ THỂ THAO CHO BÉ TRAI VÀ BÉ GÁI ', '<h2>THUỘC T&Iacute;NH SẢN PHẨM</h2>\r\n\r\n<ul>\r\n	<li>\r\n	<h2><strong>Chất liệu:</strong>&nbsp;Chất liệu kh&aacute;c,Cotton thun.</h2>\r\n	</li>\r\n	<li>\r\n	<h2><strong>Xuất xứ:</strong>&nbsp;HongKong.</h2>\r\n	</li>\r\n	<li>\r\n	<h2><strong>Nh&atilde;n hiệu:</strong>&nbsp;Đang cập nhật.</h2>\r\n	</li>\r\n</ul>\r\n', '<p><img src="https://media3.scdn.vn/img2/2018/6_9/BTVi8r_simg_d0daf0_800x1200_max.png" /><br />\r\n<br />\r\n<img src="https://media3.scdn.vn/img2/2018/6_9/p6GXrQ_simg_d0daf0_800x1200_max.png" /><br />\r\n<br />\r\n<img src="https://media3.scdn.vn/img2/2018/6_9/gY7bdf_simg_d0daf0_800x1200_max.png" /><br />\r\n<br />\r\n<img src="https://media3.scdn.vn/img2/2018/6_9/jl9663_simg_d0daf0_800x1200_max.png" /><br />\r\n<br />\r\n<img src="https://media3.scdn.vn/img2/2018/6_9/pr42dG_simg_d0daf0_800x1200_max.png" /><br />\r\n&nbsp;</p>\r\n', '15364134791536392207pr42dG_simg_de2fe0_500x500_maxb.png', 0, 35, 'Đỏ', 'S', 130000);
INSERT INTO `tbl_product` (`pk_product_id`, `fk_category_product_id`, `fk_category2_product_id`, `c_name`, `c_description`, `c_content`, `c_img`, `c_hotproduct`, `c_sale`, `c_color`, `c_size`, `c_price`) VALUES
(26, 5, 18, 'Bộ cotton cho bé trai bé gái', '<h3>THUỘC T&Iacute;NH SẢN PHẨM</h3>\r\n\r\n<ul>\r\n	<li>\r\n	<h3><strong>Chất liệu:</strong>&nbsp;Cotton thun.</h3>\r\n	</li>\r\n	<li>\r\n	<h3><strong>Nh&atilde;n hiệu:</strong>&nbsp;Kh&aacute;c .</h3>\r\n	</li>\r\n	<li>\r\n	<h3><strong>Xuất xứ:</strong>&nbsp;Việt Nam.</h3>\r\n	</li>\r\n</ul>\r\n', '<h2><em><strong>B&ocirc;̣ cotton cho b&eacute;</strong></em>&nbsp;trai b&eacute; g&aacute;i bộ thun cotton thể thao cho b&eacute;</h2>\r\n\r\n<h2>-Bộ Adid&acirc;s chất cotton 4c đẹp h&agrave;ng b&aacute;n shop&nbsp;<br />\r\n<br />\r\n-Size 5-14kg</h2>\r\n\r\n<h2>- M&agrave;u sắc: xanh l&aacute; , x&aacute;m, xanh dương, đen&nbsp;</h2>\r\n\r\n<h2>- Hướng dẫn sử dụng: bộ thun cotton 4 chiều adida thấm h&uacute;t mồ h&ocirc;i tốt , vải đẹp h&agrave;ng b&aacute;n shop nhưng shop sale h&agrave;ng để lấy nhập h&agrave;ng mới n&ecirc;n xả lỗ chỉ c&ograve;n 45k/ bộ , combo 3 bộ 100k , combo 4 bộ 130k. Bộ c&oacute; thể mặc ở nh&agrave; hoặc đi học, kiểu d&aacute;ng thể thao năng động , b&eacute; trai hay b&eacute; g&aacute;i mặc đều th&iacute;ch hợp.&nbsp;</h2>\r\n\r\n<h2>==&gt; đ&acirc;y l&agrave; h&igrave;nh thật của sản phẩm :</h2>\r\n\r\n<p><img src="https://media3.scdn.vn/img2/2018/8_22/vqwXzD_simg_d0daf0_800x1200_max.jpg" /><br />\r\n&nbsp;</p>\r\n\r\n<h2><em><strong>B&ocirc;̣ cotton cho b&eacute;</strong></em>&nbsp;trai b&eacute; g&aacute;i bộ thun cotton thể thao cho b&eacute;</h2>\r\n\r\n<h2>-Bộ Adid&acirc;s chất cotton 4c đẹp h&agrave;ng b&aacute;n shop&nbsp;<br />\r\n<br />\r\n-Size 5-14kg</h2>\r\n\r\n<h2>- M&agrave;u sắc: xanh l&aacute; , x&aacute;m, xanh dương, đen&nbsp;</h2>\r\n\r\n<h2>- Hướng dẫn sử dụng: bộ thun cotton 4 chiều adida thấm h&uacute;t mồ h&ocirc;i tốt , vải đẹp h&agrave;ng b&aacute;n shop nhưng shop sale h&agrave;ng để lấy nhập h&agrave;ng mới n&ecirc;n xả lỗ chỉ c&ograve;n 45k/ bộ , combo 3 bộ 100k , combo 4 bộ 130k. Bộ c&oacute; thể mặc ở nh&agrave; hoặc đi học, kiểu d&aacute;ng thể thao năng động , b&eacute; trai hay b&eacute; g&aacute;i mặc đều th&iacute;ch hợp.&nbsp;</h2>\r\n\r\n<h2>==&gt; đ&acirc;y l&agrave; h&igrave;nh thật của sản phẩm :</h2>\r\n\r\n<p><img src="https://media3.scdn.vn/img2/2018/8_22/5mpI2m_simg_d0daf0_800x1200_max.jpg" /><br />\r\n&nbsp;</p>\r\n\r\n<h2><em><strong>B&ocirc;̣ cotton cho b&eacute;</strong></em>&nbsp;trai b&eacute; g&aacute;i bộ thun cotton thể thao cho b&eacute;</h2>\r\n\r\n<h2>-Bộ Adid&acirc;s chất cotton 4c đẹp h&agrave;ng b&aacute;n shop&nbsp;<br />\r\n<br />\r\n-Size 5-14kg</h2>\r\n\r\n<h2>- M&agrave;u sắc: xanh l&aacute; , x&aacute;m, xanh dương, đen&nbsp;</h2>\r\n\r\n<h2>- Hướng dẫn sử dụng: bộ thun cotton 4 chiều adida thấm h&uacute;t mồ h&ocirc;i tốt , vải đẹp h&agrave;ng b&aacute;n shop nhưng shop sale h&agrave;ng để lấy nhập h&agrave;ng mới n&ecirc;n xả lỗ chỉ c&ograve;n 45k/ bộ , combo 3 bộ 100k , combo 4 bộ 130k. Bộ c&oacute; thể mặc ở nh&agrave; hoặc đi học, kiểu d&aacute;ng thể thao năng động , b&eacute; trai hay b&eacute; g&aacute;i mặc đều th&iacute;ch hợp.&nbsp;</h2>\r\n\r\n<h2>==&gt; đ&acirc;y l&agrave; h&igrave;nh thật của sản phẩm :</h2>\r\n\r\n<p><img src="https://media3.scdn.vn/img2/2018/8_22/RnERzN_simg_d0daf0_800x1200_max.jpg" /><br />\r\n&nbsp;</p>\r\n\r\n<h2><em><strong>B&ocirc;̣ cotton cho b&eacute;</strong></em>&nbsp;trai b&eacute; g&aacute;i bộ thun cotton thể thao cho b&eacute;</h2>\r\n\r\n<h2>-Bộ Adid&acirc;s chất cotton 4c đẹp h&agrave;ng b&aacute;n shop&nbsp;<br />\r\n<br />\r\n-Size 5-14kg</h2>\r\n\r\n<h2>- M&agrave;u sắc: xanh l&aacute; , x&aacute;m, xanh dương, đen&nbsp;</h2>\r\n\r\n<h2>- Hướng dẫn sử dụng: bộ thun cotton 4 chiều adida thấm h&uacute;t mồ h&ocirc;i tốt , vải đẹp h&agrave;ng b&aacute;n shop nhưng shop sale h&agrave;ng để lấy nhập h&agrave;ng mới n&ecirc;n xả lỗ chỉ c&ograve;n 45k/ bộ , combo 3 bộ 100k , combo 4 bộ 130k. Bộ c&oacute; thể mặc ở nh&agrave; hoặc đi học, kiểu d&aacute;ng thể thao năng động , b&eacute; trai hay b&eacute; g&aacute;i mặc đều th&iacute;ch hợp.&nbsp;</h2>\r\n', '15364134681536392354vqwXzD_simg_de2fe0_500x500_maxb.jpg', 0, 30, 'Xanh Lá', 'S,L', 120000),
(27, 4, 19, 'Xtep Giày chạy nam', '<ul>\r\n	<li>\r\n	<h3>Chất liệu vải dệt thể thao v&agrave; da PU bền chắc</h3>\r\n	</li>\r\n	<li>\r\n	<h3>Thiết kế mũi hớt cao hỗ trợ tối ưu mọi chuyển động</h3>\r\n	</li>\r\n	<li>\r\n	<h3>Đế cao su mềm, c&oacute; r&atilde;nh chống trơn trượt</h3>\r\n	</li>\r\n	<li>\r\n	<h3>Xuất xứ: Trung Quốc</h3>\r\n	</li>\r\n</ul>\r\n', '<h4><strong>Gi&agrave;y chạy nam Xtep 982219116965-1 m&agrave;u xanh dương</strong>&nbsp;được sản xuất từ chất liệu vải thể thao chuy&ecirc;n dụng kết hợp với c&aacute;c c&ocirc;ng nghệ ti&ecirc;n tiến, hỗ trợ tối ưu mọi vận động. Gi&agrave;y c&oacute; lớp l&oacute;t trong&nbsp;&ecirc;m mềm, tho&aacute;ng kh&iacute;, vừa ngăn m&ugrave;i, vừa kh&ocirc;ng g&acirc;y b&iacute; ch&acirc;n khi chạy. Đế cao su nhẹ bền, c&oacute; độ đ&agrave;n hồi tốt gi&uacute;p giảm tối đa chấn thương khi bạn tập luyện hoặc chơi thể thao. Kh&ocirc;ng chỉ l&agrave; phụ kiện cần thiết cho c&aacute;c buổi tập luyện, gi&agrave;y Xtep c&ograve;n gi&uacute;p bạn ho&agrave;n thiện vẻ ngo&agrave;i c&aacute; t&iacute;nh v&agrave; phong c&aacute;ch trẻ trung.&nbsp;</h4>\r\n\r\n<h4><strong>Ch&iacute;nh s&aacute;ch bảo h&agrave;nh</strong></h4>\r\n\r\n<ul>\r\n	<li>\r\n	<h4>Thời gian đổi trong v&ograve;ng 3 ng&agrave;y với c&aacute;c trường hợp (Đổi size, đổi m&agrave;u sắc, kiểu d&aacute;ng)</h4>\r\n	</li>\r\n	<li>\r\n	<h4>Điều kiện: Sản phẩm c&ograve;n nguy&ecirc;n tem m&aacute;c, chưa qua sử dụng v&agrave; sản phẩm phải c&oacute; h&oacute;a đơn mua h&agrave;ng k&egrave;m theo</h4>\r\n	</li>\r\n	<li>\r\n	<h4>Chỉ được đổi một lần duy nhất</h4>\r\n	</li>\r\n</ul>\r\n\r\n<h4><strong>Hướng dẫn bảo quản</strong></h4>\r\n\r\n<ul>\r\n	<li>\r\n	<h4>Giặt với nước ở nhiệt độ thường</h4>\r\n	</li>\r\n	<li>\r\n	<h4>Kh&ocirc;ng giặt m&aacute;y</h4>\r\n	</li>\r\n	<li>\r\n	<h4>Kh&ocirc;ng sử dụng chất tẩy mạnh</h4>\r\n	</li>\r\n	<li>\r\n	<h4>Tr&aacute;nh phơi trực tiếp dưới &aacute;nh nắng gắt</h4>\r\n	</li>\r\n</ul>\r\n\r\n<h4><strong>Th&ocirc;ng tin thương hiệu</strong></h4>\r\n\r\n<h4>Được th&agrave;nh lập v&agrave;o năm 1999 tại Trung Qu&ocirc;́c, cho đ&ecirc;́n nay Xtep đã trở thành m&ocirc;̣t trong những thương hi&ecirc;̣u thời trang thể thao uy t&iacute;n thế giới. Hiện tại, Xtep đang quản l&yacute; một mạng lưới ph&acirc;n phối rộng lớn với hơn 7.000 cửa h&agrave;ng b&aacute;n lẻ th&ocirc;ng qua các nh&agrave; ph&acirc;n phối độc quyền, bao gồm 31 tỉnh, khu tự trị v&agrave; th&agrave;nh phố tr&ecirc;n khắp Trung Quốc. Những sản ph&acirc;̉m của Xtep được đ&ocirc;ng đảo các tín đ&ocirc;̀ th&ecirc;̉ thao tr&ecirc;n th&ecirc;́ giới, các c&acirc;̀u thủ chuy&ecirc;n nghi&ecirc;̣p, cũng như các di&ecirc;̃n vi&ecirc;n n&ocirc;̉i ti&ecirc;́ng tin dùng và lựa chọn. Dấu ch&acirc;n to&agrave;n cầu của Xtep trải d&agrave;i ở khắp Trung Đ&ocirc;ng, Trung &Acirc;u v&agrave; T&acirc;y Ban Nha.</h4>\r\n', '1536413446153640973115363925798.png', 1, 20, 'Xanh Dương', '39,40,41,42,43', 950000),
(28, 4, 19, 'Anta Giày chạy nam', '<ul>\r\n	<li>\r\n	<h3>Chất liệu vải lưới thể thao chuy&ecirc;n dụng, da tổng hợp nhẹ, bền, tho&aacute;ng kh&iacute;</h3>\r\n	</li>\r\n	<li>\r\n	<h3>Thiết kế mũi hớt nhẹ, cổ cao vừa</h3>\r\n	</li>\r\n	<li>\r\n	<h3>Đế cao su nhẹ, chống trơn trượt</h3>\r\n	</li>\r\n	<li>\r\n	<h3>Xuất xứ: Trung Quốc</h3>\r\n	</li>\r\n</ul>\r\n', '<h4><strong>Gi&agrave;y chạy nam Anta 81825521-4</strong>&nbsp;l&agrave; sản phẩm được thiết kế chuy&ecirc;n biệt với kiểu d&aacute;ng &ocirc;m cổ ch&acirc;n, đế gi&agrave;y bằng cao su nhẹ, chắc chắn v&agrave; đ&agrave;n hồi, n&acirc;ng đỡ tối đa b&agrave;n ch&acirc;n v&agrave; cổ ch&acirc;n trong khi chạy. Mặt tr&ecirc;n được l&agrave;m từ chất liệu vải lưới thể thao chuy&ecirc;n dụng phối da tổng hợp nhẹ, bền, tho&aacute;ng kh&iacute;. Mũi gi&agrave;y hớt nhẹ, đế gi&agrave;y b&aacute;m s&agrave;n, chống trơn trượt hiệu quả. Kh&ocirc;ng chỉ l&agrave; phụ kiện cần thiết cho c&aacute;c buổi tập luyện, gi&agrave;y Anta c&ograve;n gi&uacute;p bạn ho&agrave;n thiện vẻ ngo&agrave;i c&aacute; t&iacute;nh v&agrave; phong c&aacute;ch trẻ trung.&nbsp;</h4>\r\n\r\n<h4><img alt="Giày chạy bộ Anta" src="https://media.static-adayroi.com/sys_master/h36/hb8/16084442742814.jpg" /></h4>\r\n\r\n<h4><strong>Hướng dẫn bảo quản</strong></h4>\r\n\r\n<ul>\r\n	<li>\r\n	<h4>Lau hoặc giặt sạch vết bẩn với nước</h4>\r\n	</li>\r\n	<li>\r\n	<h4>Kh&ocirc;ng giặt m&aacute;y, kh&ocirc;ng d&ugrave;ng thuốc tẩy</h4>\r\n	</li>\r\n	<li>\r\n	<h4>Kh&ocirc;ng phơi sản phẩm nơi &aacute;nh nắng gắt</h4>\r\n	</li>\r\n	<li>\r\n	<h4>Để sản phẩm nơi kh&ocirc; r&aacute;o khi kh&ocirc;ng sử dụng</h4>\r\n	</li>\r\n</ul>\r\n\r\n<h4><strong>Th&ocirc;ng tin thương hiệu</strong></h4>\r\n\r\n<h4>Anta l&agrave; m&ocirc;̣t trong những thương hiệu thời trang thể thao h&agrave;ng đầu Trung Quốc chuy&ecirc;n sản xuất v&agrave; kinh doanh quần &aacute;o, gi&agrave;y thể thao v&agrave; phụ kiện đi k&egrave;m. Với slogan &quot;Keep Moving....&quot; thể hiện sự vận động, phấn đấu kh&ocirc;ng ngừng v&agrave; ph&aacute;t triển đi l&ecirc;n; c&ugrave;ng t&ocirc;n chỉ &ldquo;Th&agrave;nh thật, chữ t&iacute;n, thương hiệu trăm năm&rdquo;, Anta được vinh danh l&agrave; &ldquo;Thương hiệu nổi tiếng Trung Quốc&rdquo;, &ldquo;Nh&atilde;n hiệu nổi bật Trung Quốc&rdquo;, v&agrave; l&agrave; &ldquo;Sản phẩm miễn kiểm tra chất lượng&rdquo;. Anta chiếm vị tr&iacute; &ldquo;Thương hiệu thời trang thể thao bậc nhất trong bảng gi&aacute; trị thương hiệu&quot; (do tạp ch&iacute; Forbes c&ocirc;ng bố).</h4>\r\n', '153641342315363926799.png', 0, 10, 'Xanh Dương', '39,40,41,42,43', 800000),
(29, 4, 19, 'Anta Giày chạy nam', '<ul>\r\n	<li>\r\n	<h3>Chất liệu vải lưới thể thao chuy&ecirc;n dụng tho&aacute;ng kh&iacute;, độ bền cao</h3>\r\n	</li>\r\n	<li>\r\n	<h3>Thiết kế mũi hớt nhẹ</h3>\r\n	</li>\r\n	<li>\r\n	<h3>Đế cao su nhẹ, chống trơn trượt</h3>\r\n	</li>\r\n	<li>\r\n	<h3>Xuất xứ: Trung Quốc</h3>\r\n	</li>\r\n</ul>\r\n', '<h4><strong>Gi&agrave;y chạy nam Anta 81825557-2</strong>&nbsp;l&agrave; sản phẩm được thiết kế chuy&ecirc;n biệt với kiểu d&aacute;ng &ocirc;m ch&acirc;n, đế gi&agrave;y bằng cao su nhẹ, chắc chắn v&agrave; đ&agrave;n hồi, n&acirc;ng đỡ tối đa trong khi chạy. Mặt tr&ecirc;n được l&agrave;m từ chất liệu vải lưới thể thao chuy&ecirc;n dụng nhẹ, bền, tho&aacute;ng kh&iacute;. Mũi gi&agrave;y hớt nhẹ, đế gi&agrave;y b&aacute;m s&agrave;n, chống trơn trượt hiệu quả. Kh&ocirc;ng chỉ l&agrave; phụ kiện cần thiết cho c&aacute;c buổi tập luyện, gi&agrave;y Anta c&ograve;n gi&uacute;p bạn ho&agrave;n thiện vẻ ngo&agrave;i c&aacute; t&iacute;nh v&agrave; phong c&aacute;ch trẻ trung.&nbsp;</h4>\r\n\r\n<h4><img alt="Giày chạy bộ Anta" src="https://media.static-adayroi.com/sys_master/h58/ha6/16084447461406.jpg" /></h4>\r\n\r\n<h4><strong>Hướng dẫn bảo quản</strong></h4>\r\n\r\n<ul>\r\n	<li>\r\n	<h4>Lau hoặc giặt sạch vết bẩn với nước</h4>\r\n	</li>\r\n	<li>\r\n	<h4>Kh&ocirc;ng giặt m&aacute;y, kh&ocirc;ng d&ugrave;ng thuốc tẩy</h4>\r\n	</li>\r\n	<li>\r\n	<h4>Kh&ocirc;ng phơi sản phẩm nơi &aacute;nh nắng gắt</h4>\r\n	</li>\r\n	<li>\r\n	<h4>Để sản phẩm nơi kh&ocirc; r&aacute;o khi kh&ocirc;ng sử dụng</h4>\r\n	</li>\r\n</ul>\r\n\r\n<h4><strong>Th&ocirc;ng tin thương hiệu</strong></h4>\r\n\r\n<h4>Anta l&agrave; m&ocirc;̣t trong những thương hiệu thời trang thể thao h&agrave;ng đầu Trung Quốc chuy&ecirc;n sản xuất v&agrave; kinh doanh quần &aacute;o, gi&agrave;y thể thao v&agrave; phụ kiện đi k&egrave;m. Với slogan &quot;Keep Moving....&quot; thể hiện sự vận động, phấn đấu kh&ocirc;ng ngừng v&agrave; ph&aacute;t triển đi l&ecirc;n; c&ugrave;ng t&ocirc;n chỉ &ldquo;Th&agrave;nh thật, chữ t&iacute;n, thương hiệu trăm năm&rdquo;, Anta được vinh danh l&agrave; &ldquo;Thương hiệu nổi tiếng Trung Quốc&rdquo;, &ldquo;Nh&atilde;n hiệu nổi bật Trung Quốc&rdquo;, v&agrave; l&agrave; &ldquo;Sản phẩm miễn kiểm tra chất lượng&rdquo;. Anta chiếm vị tr&iacute; &ldquo;Thương hiệu thời trang thể thao bậc nhất trong bảng gi&aacute; trị thương hiệu&quot; (do tạp ch&iacute; Forbes c&ocirc;ng bố).</h4>\r\n', '1536413410153639281610.png', 0, 0, 'Xanh Dương', '39,40,41,42,43', 700000),
(30, 4, 19, 'Anta Giày thể thao nữ ', '<ul>\r\n	<li>\r\n	<h3>Chất liệu: Vải lưới, nhựa PP</h3>\r\n	</li>\r\n	<li>\r\n	<h3>Thiết kế kiểu gi&agrave;y cột d&acirc;y, cổ cao vừa, mũi hớt nhẹ</h3>\r\n	</li>\r\n	<li>\r\n	<h3>Đế gi&agrave;y chắc chắn, c&oacute; r&atilde;nh chống trơn trượt</h3>\r\n	</li>\r\n	<li>\r\n	<h3>Xuất xứ: Trung Quốc</h3>\r\n	</li>\r\n</ul>\r\n', '<h4><strong>Gi&agrave;y thể thao nữ Anta&nbsp;82827757-3​</strong>&nbsp;được l&agrave;m từ chất liệu vải lưới thể thao chuy&ecirc;n dụng v&agrave;&nbsp;nhựa PP&nbsp;c&oacute; ưu điểm nhẹ, tho&aacute;ng kh&iacute;, độ bền cao. Đế gi&agrave;y n&acirc;ng đỡ v&agrave; bảo vệ đ&ocirc;i ch&acirc;n trong mọi hoạt động nhờ khả năng đ&agrave;n hồi tốt, r&atilde;nh chống trơn trượt hiệu quả. Gi&agrave;y được thiết kế với kiểu d&aacute;ng trẻ trung, ph&ugrave; hợp sử dụng khi luyện tập c&aacute;c m&ocirc;n thể thao trong nh&agrave;,&nbsp;ngo&agrave;i trời hoặc kết hợp với c&aacute;c trang phục kh&aacute;c để đi chơi, dạo phố.&nbsp;</h4>\r\n\r\n<h4><img alt="Giày thể thao Anta" src="https://media.static-adayroi.com/sys_master/h7c/hb2/16124537372702.jpg" /></h4>\r\n\r\n<h4><strong>Hướng dẫn bảo quản</strong></h4>\r\n\r\n<ul>\r\n	<li>\r\n	<h4>Lau hoặc giặt sạch vết bẩn với nước</h4>\r\n	</li>\r\n	<li>\r\n	<h4>Kh&ocirc;ng giặt m&aacute;y, kh&ocirc;ng d&ugrave;ng thuốc tẩy</h4>\r\n	</li>\r\n	<li>\r\n	<h4>Kh&ocirc;ng phơi sản phẩm nơi &aacute;nh nắng gắt</h4>\r\n	</li>\r\n	<li>\r\n	<h4>Để sản phẩm nơi kh&ocirc; r&aacute;o khi kh&ocirc;ng sử dụng</h4>\r\n	</li>\r\n</ul>\r\n\r\n<h4><strong>Th&ocirc;ng tin thương hiệu</strong></h4>\r\n\r\n<h4>Anta l&agrave; m&ocirc;̣t trong những thương hiệu thời trang thể thao h&agrave;ng đầu Trung Quốc chuy&ecirc;n sản xuất v&agrave; kinh doanh quần &aacute;o, gi&agrave;y thể thao v&agrave; phụ kiện đi k&egrave;m. Với slogan &quot;Keep Moving....&quot; thể hiện sự vận động, phấn đấu kh&ocirc;ng ngừng v&agrave; ph&aacute;t triển đi l&ecirc;n; c&ugrave;ng t&ocirc;n chỉ &ldquo;Th&agrave;nh thật, chữ t&iacute;n, thương hiệu trăm năm&rdquo;, Anta được vinh danh l&agrave; &ldquo;Thương hiệu nổi tiếng Trung Quốc&rdquo;, &ldquo;Nh&atilde;n hiệu nổi bật Trung Quốc&rdquo;, v&agrave; l&agrave; &ldquo;Sản phẩm miễn kiểm tra chất lượng&rdquo;. Anta chiếm vị tr&iacute; &ldquo;Thương hiệu thời trang thể thao bậc nhất trong bảng gi&aacute; trị thương hiệu&quot; (do tạp ch&iacute; Forbes c&ocirc;ng bố).</h4>\r\n', '1536413393153639348311.png', 0, 10, 'Hồng', '38,39,40,41', 600000),
(31, 1, 2, 'ĐẦM HỌA TIẾT HOA NHÍ TAY LỠ AMANDA', '<p>Chất vải: Bố. Phong c&aacute;ch: Cổ điển. Kiểu cổ &aacute;o: Cổ trụ/lọ. Họa tiết: Hoa l&aacute;. Chiều d&agrave;i v&aacute;y: Qua gối. Chiều d&agrave;i tay &aacute;o: Tay d&agrave;i.</p>\r\n', '<ul>\r\n	<li><em><strong>TH&Ocirc;NG TIN SẢN PHẨM&nbsp; : ĐẦM HỌA TIẾT<a href="https://www.sendo.vn/shop/shopytuong/thoi-trang-nu/dam/">&nbsp;HỌA TIẾT HOA NH&Iacute; TAY LỠ AMANDA SP01332</a></strong></em></li>\r\n	<li><em>Chất liệu : Vải H&agrave;n</em></li>\r\n	<li><em>Năm sản xuất : 2018</em></li>\r\n	<li><em>Xuất xứ :&nbsp;HOng Kong</em></li>\r\n	<li><em>M&agrave;u sắc : Như ảnh&nbsp;</em></li>\r\n	<li><em>K&iacute;ch thước : &nbsp;S M L XL 2XL 3XL&nbsp;</em></li>\r\n</ul>\r\n\r\n<p>&nbsp;</p>\r\n\r\n<ul>\r\n	<li><em><strong>H&Igrave;NH THỨC GIAO H&Agrave;NG &amp; THANH TO&Aacute;N</strong></em></li>\r\n	<li><em>Giao h&agrave;ng tại nh&agrave; sau đ&oacute; kh&aacute;ch h&agrave;ng thanh to&aacute;n cho nh&acirc;n vi&ecirc;n giao nhận .</em></li>\r\n	<li><em><strong>Miễn ph&iacute; vận chuyển cho đơn h&agrave;ng 3 sản phẩm trở l&ecirc;n (Gọi trực tiếp cho shop theo hotline hoặc y&ecirc;u cầu gọi&nbsp;</strong><strong>lại 01299120388 - 0981412388)</strong></em></li>\r\n	<li><em><strong>Mua sản phẩm thứ 2&nbsp;&nbsp;gọi&nbsp;01299120388&nbsp;để được hỗ trợ cước vận&nbsp;chuyển.</strong></em></li>\r\n	<li><em><strong>Địa chỉ shop : Số 2889A/49/2B Phạm Thế Hiển Phường 7 Quận 8 Hồ Ch&iacute; Minh</strong></em></li>\r\n	<li>&nbsp;</li>\r\n	<li><em><strong>QUY ĐỊNH BẢO H&Agrave;NH SẢN PHẨM</strong>&nbsp;</em></li>\r\n	<li><em>Bảo h&agrave;nh 7 ng&agrave;y cho sản phẩm đổi trả(Nếu sản phẩm bị lỗi ,kh&ocirc;ng ph&ugrave; hợp ,mặc kh&ocirc;ng vừa ....)</em></li>\r\n	<li><em>Cước ph&iacute; shop ho&agrave;n to&agrave;n hỗ trợ khi gởi đổi h&agrave;ng .</em></li>\r\n	<li><em>Hotline đổi h&agrave;ng (0975978251 - 01269605217) : Tiếp nhận th&ocirc;ng tin từ 12h trưa đến 18 giờ chiều.</em></li>\r\n	<li>&nbsp;</li>\r\n	<li><em><strong>Lưu &yacute;</strong>&nbsp;: Trong qu&aacute; tr&igrave;nh vận chuyển h&agrave;ng đến nơi qu&yacute; kh&aacute;ch,sản phẩm c&oacute;&nbsp;thể bị nh&agrave;u do qu&aacute; tr&igrave;nh vận chuyển v&igrave; vậy rất mong&nbsp;qu&yacute; kh&aacute;ch th&ocirc;ng cảm cho&nbsp;shop .Qu&yacute; kh&aacute;ch n&ecirc;n giặt ủi trước khi sử dụng .</em></li>\r\n</ul>\r\n', '15364870853Z62lu_simg_de2fe0_500x500_maxb.jpg', 0, 10, 'Xanh Lam', 'xl', 400000),
(32, 1, 4, 'QUẦN SHORT ULZZANG CỰC HOT', '<p>⚠️⚠️ H&agrave;ng order 7 -10 ng&agrave;y, đ&ocirc;i khi tắc bi&ecirc;n về l&acirc;u hơn 1 tẹo ạ Nhắn tin đơn cho shop qa shopee trc rồi mới đặt h&agrave;ng. Ko tự &yacute; đặt đơn r huỷ đơn!!! &lt;3 &lt;3 :* :* 22.D&Eacute;CEMBRE cam kết sản phẩm 100% giống h&igrave;nh v&agrave; c&oacute; thể đổi trả trong v&ograve;ng 3 ng&agrave;y ạ &lt;3 :* :* 〽️〽️ Lu&ocirc;n lu&ocirc;n ch&agrave;o đ&oacute;n c&aacute;c bạn c&ocirc;ng t&aacute;c vi&ecirc;n gi&aacute; sỉ tốt ⛔️⛔️ C&aacute;c ưu đ&atilde;i c&oacute; thể m&igrave;nh đ&atilde; đề dưới, vui l&ograve;ng ko mặc cả!! &lt;3 &lt;3</p>\r\n', '<p>⚠️⚠️ H&agrave;ng order 7 -10 ng&agrave;y, đ&ocirc;i khi tắc bi&ecirc;n về l&acirc;u hơn 1 tẹo ạ Nhắn tin đơn cho shop qa shopee trc rồi mới đặt h&agrave;ng. Ko tự &yacute; đặt đơn r huỷ đơn!!! &lt;3 &lt;3 :* :* 22.D&Eacute;CEMBRE cam kết sản phẩm 100% giống h&igrave;nh v&agrave; c&oacute; thể đổi trả trong v&ograve;ng 3 ng&agrave;y ạ &lt;3 :* :* 〽️〽️ Lu&ocirc;n lu&ocirc;n ch&agrave;o đ&oacute;n c&aacute;c bạn c&ocirc;ng t&aacute;c vi&ecirc;n gi&aacute; sỉ tốt ⛔️⛔️ C&aacute;c ưu đ&atilde;i c&oacute; thể m&igrave;nh đ&atilde; đề dưới, vui l&ograve;ng ko mặc cả!! &lt;3 &lt;3</p>\r\n', '153649025009.jpg', 0, 10, 'Trắng', 'M,L,XL', 300000),
(33, 1, 4, 'QUẦN SHORT NỮ ULZZANG', '<p>[ NEW ARRIVALS ] ', '<p>[ NEW ARRIVALS ] ', '15364901408.jpg', 0, 10, 'Xanh Da Trời', 'M,L', 250000),
(34, 1, 4, 'QUẦN ÂU ULZZANG ', '<p>[ NEW ARRIVALS ] ', '<p>[ NEW ARRIVALS ] ', '15364900337.jpg', 0, 10, 'Trắng', 'M,L', 300000),
(35, 1, 3, 'Áo nữ cổ thuyền kẻ sọc', '<h3>C&aacute;c t&iacute;nh năng: được l&agrave;m từ vật liệu đủ điều kiện, n&oacute; l&agrave; thoải m&aacute;i v&agrave; bền để mặc. Thuyền thiết kế cổ l&agrave; sexy cho trẻ em g&aacute;i v&agrave; phụ nữ. Bowtie được thiết kế tr&ecirc;n tay &aacute;o ngọt ng&agrave;o v&agrave; đ&aacute;ng y&ecirc;u thể hiện c&aacute; t&iacute;nh của bạn. Thiết kế sọc gi&uacute;p bạn tr&ocirc;ng mỏng hơn v&agrave; thời trang hơn. Thiết kế dễ ph&ugrave; hợp c&oacute; thể hoạt động tốt với nhiều loại quần &aacute;o kh&aacute;c nhau.</h3>\r\n', '<h3>phong c&aacute;ch v&agrave; thiết kế độc đ&aacute;o sẽ l&agrave;m cho bạn hấp dẫn hơn. Th&iacute;ch hợp cho trẻ em g&aacute;i v&agrave; phụ nữ mặc v&agrave;o m&ugrave;a h&egrave;. Vai lỏng v&agrave; đ&agrave;n hồi, một k&iacute;ch thước ph&ugrave; hợp với hầu hết mọi người. Th&ocirc;ng số kỹ thuật: Chất liệu: b&ocirc;ng K&iacute;ch thước: một k&iacute;ch thước Ngực: 100cm Chiều d&agrave;i: 58cm M&agrave;u: trắng, đen, hồng, &aacute;nh s&aacute;ng m&agrave;u xanh, m&agrave;u xanh đậm G&oacute;i bao gồm: 1 x thuyền cổ &aacute;o ghi ch&uacute;: 1. do sự kh&aacute;c biệt giữa c&aacute;c m&agrave;n h&igrave;nh, h&igrave;nh ảnh c&oacute; thể kh&ocirc;ng phản &aacute;nh m&agrave;u sắc thực tế của mặt h&agrave;ng. Ch&uacute;ng t&ocirc;i đảm bảo phong c&aacute;ch l&agrave; giống như thể hiện trong h&igrave;nh ảnh</h3>\r\n', '15364898736.jpg', 1, 20, 'Xám', 'M,L,XL', 120000),
(36, 1, 3, 'Áo nữ cổ chữ V tay thắt nơ', '<p>&nbsp;</p>\r\n\r\n<p>&Aacute;o nữ cổ chữ V tay thắt nơ Thiết kế dễ d&agrave;ng mang đến cho bạn cảm gi&aacute;c đơn giản. L&agrave;m việc b&igrave;nh thường đường viền cổ chữ V Nơ tr&ecirc;n tay &aacute;o Th&iacute;ch hợp cho nhiều dịp: h&agrave;ng ng&agrave;y hoặc ra ngo&agrave;i &Aacute;o thoải m&aacute;i v&agrave; thời trang, với tay nghề may tốt</p>\r\n', '<p>&nbsp;</p>\r\n\r\n<p>N&oacute; được l&agrave;m từ chất liệu chất lượng mang lại cho bạn cảm gi&aacute;c thoải m&aacute;i Cổ chữ V với nơ tr&ecirc;n tay &aacute;o Chiếc &aacute;o giản dị n&agrave;y l&agrave; ho&agrave;n hảo cho mặc h&agrave;ng ng&agrave;y như b&igrave;nh thường, du lịch, kỳ nghỉ, cuộc sống h&agrave;ng ng&agrave;y, c&acirc;u lạc bộ, cocktail, tiệc v&agrave; bữa tiệc tối Đặc điểm kỹ thuật: Chất liệu: Cotton M&agrave;u sắc: Đen xanh, v&agrave;ng, hồng k&iacute;ch thước k&iacute;ch thước vai (cm / inch) ngực(cm / inch) chiều d&agrave;i ph&iacute;a trước (cm / inch) chiều d&agrave;i ph&iacute;a sau (cm / inch) tay &aacute;o (cm / inch) 6 S 36 / 14,17 94 / 37,01 55 / 21,65 66 / 25,98 34 / 13,39 8 M 37 / 14,57 98 / 38,58 56 / 22,05 67 / 26,38 35 / 13,78 10 L 38 / 14,96 102 / 40,16 57 / 22,44 68 / 26,77 36 / 14,17 12 XL 39 / 15,35 106 / 41,73 58 / 22,83 69 / 27,17 37 / 14,57</p>\r\n', '15364897265.jpg', 0, 10, 'Vàng', 'M,L,XL', 250000),
(37, 1, 3, 'Áo nữ kiểu rộng tay dài cổ chữ V', '<p>Features: Sexy v-neck design, very elegant and gorgeous. It pairs perfectly with all of your fave jeans or leggings. This is a casual, color blocking, long sleeved pullover t-shirt, stylish and you will feel comfortable and soft when you put it on. It is made of high quality cotton blend materials,durable enough for your daily wearing Lightweight soft fabric for a comfortable feminine touch, easy to wear, no wrinkles, no fading and no deformation Special color combination design make you more attractive .</p>\r\n', '<p>An essential for every fashion women or girl,and it&amp;#39;s the best gift for you and your friends. Pullover design, very easy to put on, no sense of tightness Casual style, suitable for work sport and casual, daily wear in all season and occasion. Specifications: Color: black, white Style: pullover Fabric: cotton, polyester Sleeve length: full length Size: one size Length: 62 cm Bust: 106 cm Package included: 1 x V-neck T-shirt Notes: Please allow 0-2mm error due to manual measurement, thanks for understanding. Due to the difference between different monitors, the picture may not reflect the actual color of the item. Please understand, thank you!</p>\r\n', '15364895864.jpg', 0, 10, 'Xanh Dương', 'L', 200000),
(38, 1, 2, 'Váy sát nách/Váy liền/Váy chữ A/', '<p>V&aacute;y s&aacute;t n&aacute;ch/V&aacute;y liền/V&aacute;y chữ A/V&aacute;y d&agrave;i nữ, d&aacute;ng d&agrave;i, s&aacute;t n&aacute;ch, t&ocirc;n d&aacute;ng, cổ yếm, phong c&aacute;ch H&agrave;n Quốc, phong c&aacute;ch qu&yacute; ph&aacute;i, phong c&aacute;ch học sinh</p>\r\n', '<p>* Chuy&ecirc;n Order H&agrave;ng từ Taobao, Tmall * H&agrave;ng kh&ocirc;ng c&oacute; sẵn, ĐẶT 8-12 NG&Agrave;Y MỚI C&Oacute; H&Agrave;NG ĐỂ SHIP - CAM KẾT H&Agrave;NG Y H&Igrave;NH, M&Agrave;U SẮC C&Oacute; THỂ KH&Aacute;C CH&Uacute;T SO VỚI ẢNH DO &Aacute;NH S&Aacute;NG KHI CHỤP. TRẢ LẠI NẾU SAI H&Igrave;NH. - KH&Ocirc;NG ĐỔI TRẢ SIZE. KH&Aacute;CH MUỐN NHẬP SỐ LƯỢNG LỚN VUI L&Ograve;NG INBOX NH&Eacute;.</p>\r\n', '15364894233.jpg', 0, 20, 'Đen', 'XL, XXL', 400000),
(39, 1, 2, ' Váy liền nữ, cộc tay, họa tiết kẻ sọc', '<p>V&aacute;y liền nữ, cộc tay, họa tiết kẻ sọc, d&aacute;ng d&agrave;i, chất mềm mại, phong c&aacute;ch học sinh, trẻ trung, phong c&aacute;ch Nhật Bản, kiểu d&aacute;ng rộng r&atilde;i, ph&ugrave; hợp cho m&ugrave;a xu&acirc;n</p>\r\n', '<p>* Chuy&ecirc;n Order H&agrave;ng từ Taobao, Tmall * H&agrave;ng kh&ocirc;ng c&oacute; sẵn, ĐẶT 5-10 NG&Agrave;Y MỚI C&Oacute; H&Agrave;NG ĐỂ SHIP - CAM KẾT H&Agrave;NG Y H&Igrave;NH, M&Agrave;U SẮC C&Oacute; THỂ KH&Aacute;C CH&Uacute;T SO VỚI ẢNH DO &Aacute;NH S&Aacute;NG KHI CHỤP. TRẢ LẠI NẾU SAI H&Igrave;NH. - KH&Ocirc;NG ĐỔI TRẢ SIZE. KH&Aacute;CH MUỐN NHẬP SỐ LƯỢNG LỚN VUI L&Ograve;NG INBOX NH&Eacute;.</p>\r\n', '15364892772.jpg', 0, 20, 'Hồng', 'XL, XXL', 450000),
(40, 1, 2, 'Váy liền hai dây,Váy nữ', '<p>V&aacute;y liền hai d&acirc;y/V&aacute;y nữ, x&ograve;e, họa tiết kẻ sọc, phong c&aacute;ch ngọt ng&agrave;o, phong c&aacute;ch học sinh</p>\r\n', '<p>* Thời trang phong c&aacute;ch Nhật * H&agrave;ng kh&ocirc;ng c&oacute; sẵn, ĐẶT 5-10 NG&Agrave;Y MỚI C&Oacute; H&Agrave;NG ĐỂ SHIP - CAM KẾT H&Agrave;NG Y H&Igrave;NH, M&Agrave;U SẮC C&Oacute; THỂ KH&Aacute;C CH&Uacute;T SO VỚI ẢNH DO &Aacute;NH S&Aacute;NG KHI CHỤP. TRẢ LẠI NẾU SAI H&Igrave;NH. - KH&Ocirc;NG ĐỔI TRẢ SIZE. KH&Aacute;CH MUỐN NHẬP SỐ LƯỢNG LỚN VUI L&Ograve;NG INBOX NH&Eacute;.</p>\r\n', '1536489036Untitled-1.jpg', 0, 0, 'Xanh Da Trời', 'XL, XXL', 300000),
(41, 1, 2, 'Váy sọc xanh nút xéo', '<p>Chất liệu: vải kate sọc 1 m&agrave;u xanh Freesize dưới 57kg Chiều d&agrave;i: 92cm V&ograve;ng ngực: 100cm V&ograve;ng eo: 80cm ( chưa cột d&acirc;y eo)</p>\r\n', '<p><a href="https://shopee.vn/search?attrId=19364&amp;attrName=Th%C6%B0%C6%A1ng%20hi%E1%BB%87u&amp;attrVal=No%20brand">No Brand</a></p>\r\n\r\n<p>D&aacute;ng v&aacute;y:</p>\r\n\r\n<p>&nbsp;D&aacute;ng X&ograve;e</p>\r\n\r\n<p>Họa Tiết:</p>\r\n\r\n<p>Kẻ Sọc</p>\r\n\r\n<p>Kiểu tay:</p>\r\n\r\n<p>Ngắn Tay</p>\r\n\r\n<p>Loại trang phục:</p>\r\n\r\n<p>Trang Phục Cơ Bản</p>\r\n\r\n<p>Chất liệu:</p>\r\n\r\n<p>Kate</p>\r\n', '1536488804Untitled-1.jpg', 0, 10, 'Xanh Da Trời', 'XL, XXL', 120000),
(42, 1, 5, 'Áo khoác nữ kaki form rộng', '<p>&Aacute;o kho&aacute;c nữ kaki form rộng nhiều m&agrave;u &nbsp; &Aacute;o kho&aacute;c nữ kaki form rộng -&nbsp;Sự lựa chọn cực kỳ thời trang v&agrave; ho&agrave;n hảo cho c&aacute;c c&ocirc; g&aacute;i. &nbsp; ✔&nbsp;M&agrave;u sắc: R&ecirc;u, đỏ, hồng, xanh dương nhạt, xanh dương đậm. ✔ Mục đ&iacute;ch sử dụng: Đi du lịch, đi chơi. ✔ Xuất xứ: Việt nam &Aacute;o freesize từ 45kg đến 70kg . Chiều d&agrave;i &aacute;o: 65cm. Tay &aacute;o d&agrave;i: 67cm</p>\r\n', '<p>&Aacute;o kho&aacute;c nữ kaki form rộng nhiều m&agrave;u &nbsp; &Aacute;o kho&aacute;c nữ kaki form rộng -&nbsp;Sự lựa chọn cực kỳ thời trang v&agrave; ho&agrave;n hảo cho c&aacute;c c&ocirc; g&aacute;i. &nbsp; ✔&nbsp;M&agrave;u sắc: R&ecirc;u, đỏ, hồng, xanh dương nhạt, xanh dương đậm. ✔ Mục đ&iacute;ch sử dụng: Đi du lịch, đi chơi. ✔ Xuất xứ: Việt nam &Aacute;o freesize từ 45kg đến 70kg . Chiều d&agrave;i &aacute;o: 65cm. Tay &aacute;o d&agrave;i: 67cm</p>\r\n', '153649117311.jpg', 0, 10, 'Hồng', 'XL, XXL', 350000),
(43, 1, 5, 'Áo khoác kaki nữ phong cách', '<p>&Aacute;o kho&aacute;c kaki nữ phong c&aacute;ch &nbsp; &Aacute;o kho&aacute;c kaki nữ phong c&aacute;ch -&nbsp;Sự lựa chọn cực kỳ thời trang v&agrave; ho&agrave;n hảo cho c&aacute;c c&ocirc; g&aacute;i. &nbsp; ✔&nbsp;M&agrave;u sắc: V&agrave;ng ✔ Mục đ&iacute;ch sử dụng: Đi du lịch, đi chơi. ✔ Xuất xứ: Việt nam Th&iacute;ch hợp cho mọi bạn nữ. Size vừa cho tất cả c&aacute;c bạn</p>\r\n', '<p>&Aacute;o kho&aacute;c kaki nữ phong c&aacute;ch &nbsp; &Aacute;o kho&aacute;c kaki nữ phong c&aacute;ch -&nbsp;Sự lựa chọn cực kỳ thời trang v&agrave; ho&agrave;n hảo cho c&aacute;c c&ocirc; g&aacute;i. &nbsp; ✔&nbsp;M&agrave;u sắc: V&agrave;ng ✔ Mục đ&iacute;ch sử dụng: Đi du lịch, đi chơi. ✔ Xuất xứ: Việt nam Th&iacute;ch hợp cho mọi bạn nữ. Size vừa cho tất cả c&aacute;c bạn</p>\r\n', '153649131012.jpg', 0, 10, 'Vàng', 'XL, XXL', 250000),
(44, 1, 5, ' Áo khoác nữ kaki form rộng cực chất ms02', '<p>&nbsp;</p>\r\n\r\n<p>Link thẻ c&agrave;o đt để dc freeship: https://shopee.vn/product/16277963/1208105235/ &Aacute;o kho&aacute;c nữ kaki form rộng - Sự lựa chọn cực kỳ thời trang v&agrave; ho&agrave;n hảo cho c&aacute;c c&ocirc; g&aacute;i. ✔ Mục đ&iacute;ch sử dụng: Đi du lịch, đi chơi. ✔ Xuất xứ: Việt nam Chất liệu kaki 2 lớp, c&oacute; t&uacute;i trong để điện thoại hay v&iacute; y&ecirc;n t&acirc;m lu&ocirc;n N&oacute;n cực rộng tha hồ đi nắng mưa &Aacute;o freesize từ 45kg đến 70kg . Chiều d&agrave;i &aacute;o: 62cm, tay &aacute;o: 54cm</p>\r\n', '<p>&nbsp;</p>\r\n\r\n<p>Link thẻ c&agrave;o đt để dc freeship: https://shopee.vn/product/16277963/1208105235/ &Aacute;o kho&aacute;c nữ kaki form rộng - Sự lựa chọn cực kỳ thời trang v&agrave; ho&agrave;n hảo cho c&aacute;c c&ocirc; g&aacute;i. ✔ Mục đ&iacute;ch sử dụng: Đi du lịch, đi chơi. ✔ Xuất xứ: Việt nam Chất liệu kaki 2 lớp, c&oacute; t&uacute;i trong để điện thoại hay v&iacute; y&ecirc;n t&acirc;m lu&ocirc;n N&oacute;n cực rộng tha hồ đi nắng mưa &Aacute;o freesize từ 45kg đến 70kg . Chiều d&agrave;i &aacute;o: 62cm, tay &aacute;o: 54cm</p>\r\n', '153649152214.jpg', 0, 10, 'Xanh Dương', 'XL, XXL', 300000),
(45, 1, 5, 'Áo khoác nữ kaki form rộng cực chất ms02', '<p>&nbsp;</p>\r\n\r\n<p>Link thẻ c&agrave;o đt để dc freeship:&nbsp; &Aacute;o kho&aacute;c nữ kaki form rộng - Sự lựa chọn cực kỳ thời trang v&agrave; ho&agrave;n hảo cho c&aacute;c c&ocirc; g&aacute;i. ✔ Mục đ&iacute;ch sử dụng: Đi du lịch, đi chơi. ✔ Xuất xứ: Việt nam Chất liệu kaki 2 lớp, c&oacute; t&uacute;i trong để điện thoại hay v&iacute; y&ecirc;n t&acirc;m lu&ocirc;n N&oacute;n cực rộng tha hồ đi nắng mưa &Aacute;o freesize từ 45kg đến 70kg . Chiều d&agrave;i &aacute;o: 62cm, tay &aacute;o: 54cm</p>\r\n', '<p>&nbsp;</p>\r\n\r\n<p>Link thẻ c&agrave;o đt để dc freeship:&Aacute;o kho&aacute;c nữ kaki form rộng - Sự lựa chọn cực kỳ thời trang v&agrave; ho&agrave;n hảo cho c&aacute;c c&ocirc; g&aacute;i. ✔ Mục đ&iacute;ch sử dụng: Đi du lịch, đi chơi. ✔ Xuất xứ: Việt nam Chất liệu kaki 2 lớp, c&oacute; t&uacute;i trong để điện thoại hay v&iacute; y&ecirc;n t&acirc;m lu&ocirc;n N&oacute;n cực rộng tha hồ đi nắng mưa &Aacute;o freesize từ 45kg đến 70kg . Chiều d&agrave;i &aacute;o: 62cm, tay &aacute;o: 54cm</p>\r\n', '153649151513.jpg', 0, 10, 'Đỏ đô', 'XL, XXL', 300000),
(46, 1, 6, ' Chân váy TUTU - lưới hình ', '', '', '153649170617.jpg', 0, 10, 'Trắng', 'M,L,XL', 250000),
(47, 1, 6, ' Chân váy TUTU - lưới hình ', '<p>Ch&acirc;n v&aacute;y c&ocirc;ng ch&uacute;a 3 m&agrave;u <a href="https://shopee.vn/%C4%90en-tag">#Đen</a> <a href="https://shopee.vn/tr%E1%BA%AFng-tag">#trắng</a> <a href="https://shopee.vn/x%C3%A1m-tag">#x&aacute;m</a> ', '<p>Ch&acirc;n v&aacute;y c&ocirc;ng ch&uacute;a 3 m&agrave;u <a href="https://shopee.vn/%C4%90en-tag">#Đen</a> <a href="https://shopee.vn/tr%E1%BA%AFng-tag">#trắng</a> <a href="https://shopee.vn/x%C3%A1m-tag">#x&aacute;m</a> ', '153649178016.jpg', 0, 10, 'Đỏ', 'M,L,XL', 250000),
(48, 1, 6, 'Chân váy TUTU - hình lưới', '<p>Ch&acirc;n v&aacute;y c&ocirc;ng ch&uacute;a 3 m&agrave;u <a href="https://shopee.vn/%C4%90en-tag">#Đen</a> <a href="https://shopee.vn/tr%E1%BA%AFng-tag">#trắng</a> <a href="https://shopee.vn/x%C3%A1m-tag">#x&aacute;m</a> ', '<p>Ch&acirc;n v&aacute;y c&ocirc;ng ch&uacute;a 3 m&agrave;u <a href="https://shopee.vn/%C4%90en-tag">#Đen</a> <a href="https://shopee.vn/tr%E1%BA%AFng-tag">#trắng</a> <a href="https://shopee.vn/x%C3%A1m-tag">#x&aacute;m</a> ', '153649184015.jpg', 0, 10, 'Xanh Da Trời', 'M,L,XL', 250000),
(49, 2, 7, 'Áo Năm Sinh', '', '', '153649197218.jpg', 0, 0, 'Trắng', 'M,L,XL', 120000),
(50, 2, 7, ' ÁO THUN CAO CẤP', '<p>&Aacute;o thun Nhật Bản cao cấp xuất khẩu với c&ocirc;ng nghệ tho&aacute;t nhiệt v&agrave; kh&aacute;ng khuẩn Nhật Bản Cotton 100% thương hiệu Gold Rhino Chất liệu: 100% cotton.&nbsp;Tho&aacute;ng m&aacute;t, thấm h&uacute;t mồ h&ocirc;i cực tốt. Vải thun đạt ti&ecirc;u chuẩn xuất khẩu qua Nhật, kh&ocirc;ng x&ugrave; l&ocirc;ng d&ugrave; giặt nhiều lần. Đồ bền cao. &Aacute;o thun Gold Rhino c&oacute; độ bền m&agrave;u cao, gi&uacute;p form &aacute;o lu&ocirc;n ổn định. (kh&ocirc;ng như c&aacute;c &aacute;o thun chợ, chỉ giặt v&agrave;i lần l&agrave; bị chảy xệ, vặn vẹo, biến dạng) Trọng lượng &aacute;o chỉ khoảng 120-170g, tạo người mặc cảm gi&aacute;c nhẹ nh&agrave;ng, thoải m&aacute;i. Đặc biệt &aacute;o nữ được dệt từ những cotton sợi tơ si&ecirc;u nhẹ v&agrave; mềm mịn, gi&uacute;p mặc như kh&ocirc;ng mặc.</p>\r\n', '<p>Sản phẩm c&oacute; t&iacute;nh kh&aacute;ng khuẩn v&agrave; hạn chế m&ugrave;i h&ocirc;i. Dễ d&agrave;ng phối đồ,&nbsp;mặc được trong nhiều dịp kh&aacute;c nhau Giặt dễ d&agrave;ng v&agrave; nhanh kh&ocirc;. Chỉ cần 5 ph&uacute;t l&agrave; bạn đ&atilde; giặt tay xong h&agrave;ng chục chiếc &aacute;o thun Japan, v&agrave; dễ d&agrave;ng kh&ocirc; sau đ&ecirc;m gi&oacute; m&aacute;t. Th&ocirc;ng số &aacute;o thun UNSEX(Form su&ocirc;ng rộng, th&iacute;ch hợp bạn nam, hoặc bạn nữ th&iacute;ch mặc rộng thoải m&aacute;i) Size S: 50 - 60kg (Ngang vai 42cm; Ngang ngực 47cm; D&agrave;i &aacute;o 67cm) Size M: 60-70kg (Ngang vai 44cm; Ngang ngực 49cm; D&agrave;i &aacute;o 68cm) Size L: 70-78kg (Ngang vai 46cm; Ngang ngực 51cm; D&agrave;i &aacute;o 70cm) Size XL: 78-85kg (Ngang vai 48cm; Ngang ngực 53cm; D&agrave;i &aacute;o 71cm) Big size: 85-120kg (Ngang vai 48cm; Ngang ngực 58cm; D&agrave;i &aacute;o 73cm) (C&acirc;n nặng sau chỉ mang t&iacute;nh chất tương đối. Nếu bạn nam nữ cao, v&ograve;ng bụng lớn hoặc th&iacute;ch mặc rộng th&igrave; n&ecirc;n chọn lớn hơn 1 size.) Shop c&oacute; 20 m&agrave;u, bảng m&agrave;u đ&iacute;nh k&egrave;m,đặt &aacute;o Bigsize ch&aacute;t với shop để chọn m&agrave;u, bigsze chỉ c&ograve;n 5 m&agrave;u, khi đặt h&agrave;ng kh&aacute;ch ghi ch&uacute; đơn h&agrave;ng lấy m&agrave;u, size g&igrave; gi&uacute;p shop. Hướng dẫn mua h&agrave;ng: Đặt h&agrave;ng chọn size-&gt;mua ngay-&gt;số lượng-&gt;note form v&agrave; m&agrave;u &aacute;o phần để lại lưu &yacute;(vd: &aacute;o size S,M,L, XL, bigsize m&agrave;u đỏ đ&ocirc;, đen)-&gt; đặt h&agrave;ng.</p>\r\n', '153650085119.jpg', 0, 10, 'ĐỎ', 'M,L,XL', 250000),
(51, 2, 7, 'Áo thun cao cấp', '<p>&Aacute;o thun Nhật Bản cao cấp xuất khẩu với c&ocirc;ng nghệ tho&aacute;t nhiệt v&agrave; kh&aacute;ng khuẩn Nhật Bản Cotton 100% thương hiệu Gold Rhino Chất liệu: 100% cotton.&nbsp;Tho&aacute;ng m&aacute;t, thấm h&uacute;t mồ h&ocirc;i cực tốt. Vải thun đạt ti&ecirc;u chuẩn xuất khẩu qua Nhật, kh&ocirc;ng x&ugrave; l&ocirc;ng d&ugrave; giặt nhiều lần. Đồ bền cao. &Aacute;o thun Gold Rhino c&oacute; độ bền m&agrave;u cao, gi&uacute;p form &aacute;o lu&ocirc;n ổn định. (kh&ocirc;ng như c&aacute;c &aacute;o thun chợ, chỉ giặt v&agrave;i lần l&agrave; bị chảy xệ, vặn vẹo, biến dạng) Trọng lượng &aacute;o chỉ khoảng 120-170g, tạo người mặc cảm gi&aacute;c nhẹ nh&agrave;ng, thoải m&aacute;i. Đặc biệt &aacute;o nữ được dệt từ những cotton sợi tơ si&ecirc;u nhẹ v&agrave; mềm mịn, gi&uacute;p mặc như kh&ocirc;ng mặc.</p>\r\n', '<p>Sản phẩm c&oacute; t&iacute;nh kh&aacute;ng khuẩn v&agrave; hạn chế m&ugrave;i h&ocirc;i. Dễ d&agrave;ng phối đồ,&nbsp;mặc được trong nhiều dịp kh&aacute;c nhau Giặt dễ d&agrave;ng v&agrave; nhanh kh&ocirc;. Chỉ cần 5 ph&uacute;t l&agrave; bạn đ&atilde; giặt tay xong h&agrave;ng chục chiếc &aacute;o thun Japan, v&agrave; dễ d&agrave;ng kh&ocirc; sau đ&ecirc;m gi&oacute; m&aacute;t. Th&ocirc;ng số &aacute;o thun UNSEX(Form su&ocirc;ng rộng, th&iacute;ch hợp bạn nam, hoặc bạn nữ th&iacute;ch mặc rộng thoải m&aacute;i) Size S: 50 - 60kg (Ngang vai 42cm; Ngang ngực 47cm; D&agrave;i &aacute;o 67cm) Size M: 60-70kg (Ngang vai 44cm; Ngang ngực 49cm; D&agrave;i &aacute;o 68cm) Size L: 70-78kg (Ngang vai 46cm; Ngang ngực 51cm; D&agrave;i &aacute;o 70cm) Size XL: 78-85kg (Ngang vai 48cm; Ngang ngực 53cm; D&agrave;i &aacute;o 71cm) Big size: 85-120kg (Ngang vai 48cm; Ngang ngực 58cm; D&agrave;i &aacute;o 73cm) (C&acirc;n nặng sau chỉ mang t&iacute;nh chất tương đối. Nếu bạn nam nữ cao, v&ograve;ng bụng lớn hoặc th&iacute;ch mặc rộng th&igrave; n&ecirc;n chọn lớn hơn 1 size.) Shop c&oacute; 20 m&agrave;u, bảng m&agrave;u đ&iacute;nh k&egrave;m,đặt &aacute;o Bigsize ch&aacute;t với shop để chọn m&agrave;u, bigsze chỉ c&ograve;n 5 m&agrave;u, khi đặt h&agrave;ng kh&aacute;ch ghi ch&uacute; đơn h&agrave;ng lấy m&agrave;u, size g&igrave; gi&uacute;p shop. Hướng dẫn mua h&agrave;ng: Đặt h&agrave;ng chọn size-&gt;mua ngay-&gt;số lượng-&gt;note form v&agrave; m&agrave;u &aacute;o phần để lại lưu &yacute;(vd: &aacute;o size S,M,L, XL, bigsize m&agrave;u đỏ đ&ocirc;, đen)-&gt; đặt h&agrave;ng.</p>\r\n', '153650088921.jpg', 0, 10, 'Đen', 'M,L,XL', 250000),
(52, 2, 7, 'Áo thun cao cấp', '<p>&Aacute;o thun Nhật Bản cao cấp xuất khẩu với c&ocirc;ng nghệ tho&aacute;t nhiệt v&agrave; kh&aacute;ng khuẩn Nhật Bản Cotton 100% thương hiệu Gold Rhino Chất liệu: 100% cotton.&nbsp;Tho&aacute;ng m&aacute;t, thấm h&uacute;t mồ h&ocirc;i cực tốt. Vải thun đạt ti&ecirc;u chuẩn xuất khẩu qua Nhật, kh&ocirc;ng x&ugrave; l&ocirc;ng d&ugrave; giặt nhiều lần. Đồ bền cao. &Aacute;o thun Gold Rhino c&oacute; độ bền m&agrave;u cao, gi&uacute;p form &aacute;o lu&ocirc;n ổn định. (kh&ocirc;ng như c&aacute;c &aacute;o thun chợ, chỉ giặt v&agrave;i lần l&agrave; bị chảy xệ, vặn vẹo, biến dạng) Trọng lượng &aacute;o chỉ khoảng 120-170g, tạo người mặc cảm gi&aacute;c nhẹ nh&agrave;ng, thoải m&aacute;i. Đặc biệt &aacute;o nữ được dệt từ những cotton sợi tơ si&ecirc;u nhẹ v&agrave; mềm mịn, gi&uacute;p mặc như kh&ocirc;ng mặc.</p>\r\n', '<p>Sản phẩm c&oacute; t&iacute;nh kh&aacute;ng khuẩn v&agrave; hạn chế m&ugrave;i h&ocirc;i. Dễ d&agrave;ng phối đồ,&nbsp;mặc được trong nhiều dịp kh&aacute;c nhau Giặt dễ d&agrave;ng v&agrave; nhanh kh&ocirc;. Chỉ cần 5 ph&uacute;t l&agrave; bạn đ&atilde; giặt tay xong h&agrave;ng chục chiếc &aacute;o thun Japan, v&agrave; dễ d&agrave;ng kh&ocirc; sau đ&ecirc;m gi&oacute; m&aacute;t. Th&ocirc;ng số &aacute;o thun UNSEX(Form su&ocirc;ng rộng, th&iacute;ch hợp bạn nam, hoặc bạn nữ th&iacute;ch mặc rộng thoải m&aacute;i) Size S: 50 - 60kg (Ngang vai 42cm; Ngang ngực 47cm; D&agrave;i &aacute;o 67cm) Size M: 60-70kg (Ngang vai 44cm; Ngang ngực 49cm; D&agrave;i &aacute;o 68cm) Size L: 70-78kg (Ngang vai 46cm; Ngang ngực 51cm; D&agrave;i &aacute;o 70cm) Size XL: 78-85kg (Ngang vai 48cm; Ngang ngực 53cm; D&agrave;i &aacute;o 71cm) Big size: 85-120kg (Ngang vai 48cm; Ngang ngực 58cm; D&agrave;i &aacute;o 73cm) (C&acirc;n nặng sau chỉ mang t&iacute;nh chất tương đối. Nếu bạn nam nữ cao, v&ograve;ng bụng lớn hoặc th&iacute;ch mặc rộng th&igrave; n&ecirc;n chọn lớn hơn 1 size.) Shop c&oacute; 20 m&agrave;u, bảng m&agrave;u đ&iacute;nh k&egrave;m,đặt &aacute;o Bigsize ch&aacute;t với shop để chọn m&agrave;u, bigsze chỉ c&ograve;n 5 m&agrave;u, khi đặt h&agrave;ng kh&aacute;ch ghi ch&uacute; đơn h&agrave;ng lấy m&agrave;u, size g&igrave; gi&uacute;p shop. Hướng dẫn mua h&agrave;ng: Đặt h&agrave;ng chọn size-&gt;mua ngay-&gt;số lượng-&gt;note form v&agrave; m&agrave;u &aacute;o phần để lại lưu &yacute;(vd: &aacute;o size S,M,L, XL, bigsize m&agrave;u đỏ đ&ocirc;, đen)-&gt; đặt h&agrave;ng.</p>\r\n', '153650092620.jpg', 0, 10, '0', 'M,L,XL', 250000),
(53, 2, 9, 'Quần jogger nam ống bó năng động cá tính', '<p>ĐẶC ĐIỂM NỔI BẬT: Quần jogger được thiết kế đơn giản nhưng vẫn mang đến sự trẻ trung, thoải m&aacute;i cho người d&ugrave;ng. Form jogger cực phong c&aacute;ch, l&agrave;m nổi bật style năng động,phong trần của bạn. Dễ d&agrave;ng phối đồ, đi học, đi chơi, đi l&agrave;m H&Atilde;Y cả hoạt động thể thao&hellip; ⏯Thương hiệu: BATINO ⏯Xuất xứ: sản phẩm được thiết kế v&agrave; gia c&ocirc;ng tại Việt Nam ⏯M&agrave;u sắc: đa dạng (đen tuyền, xanh t&iacute;m than, xanh r&ecirc;u, be v&agrave;ng) ⏯Chất liệu: kaki trơn mềm mại</p>\r\n', '<p>HƯỚNG DẪN SỬ DỤNG: &bull; Giặt m&aacute;y nhiệt độ kh&ocirc;ng qu&aacute; 30&deg;C với tốc độ sấy chậm &bull; Kh&ocirc;ng được tẩy &bull; Kh&ocirc;ng được sấy kh&ocirc; &bull; Ủi với nhiệt độ kh&ocirc;ng qu&aacute; 110&deg;C KH&Aacute;CH LƯU &Yacute; GI&Uacute;P SHOP NH&Eacute;: - Bảng size chi tiết: Size M: từ 52-60 kg, Cao từ 1m57-1m65 Size L: từ 57 - 63 kg, Cao từ 1m63-1m69 Size XL: từ 62 - 72kg,Cao từ 1m68-1m75 Size XXL: từ 70- 78kg,Cao từ 1m70-1m78 - Bạn c&oacute; thể xem bảng size mẫu của shop hoặc n&ecirc;n INBOX chiều cao, c&acirc;n nặng để được tư vấn miễn ph&iacute;. BATINO lu&ocirc;n SẴN S&Agrave;NG LẮNG NGHE v&agrave; GIẢI Đ&Aacute;P mọi thắc mắc của kh&aacute;ch h&agrave;ng về sản phẩm v&agrave; dịch vụ của shop.</p>\r\n', '153650406024.jpg', 0, 0, 'Xanh Lam', 'M,L,XL', 300000),
(54, 2, 9, 'Quần jogger nam ống bó năng động cá tính', '<p>ĐẶC ĐIỂM NỔI BẬT:</p>\r\n\r\n<p>Quần jogger được thiết kế đơn giản nhưng vẫn mang đến sự trẻ trung, thoải m&aacute;i cho người d&ugrave;ng.</p>\r\n\r\n<p>Form jogger cực phong c&aacute;ch, l&agrave;m nổi bật style năng động,phong trần của bạn.</p>\r\n\r\n<p>Dễ d&agrave;ng phối đồ, đi học, đi chơi, đi l&agrave;m H&Atilde;Y cả hoạt động thể thao&hellip;</p>\r\n\r\n<p>⏯Thương hiệu: BATINO</p>\r\n\r\n<p>⏯Xuất xứ: sản phẩm được thiết kế v&agrave; gia c&ocirc;ng tại Việt Nam</p>\r\n\r\n<p>⏯M&agrave;u sắc: đa dạng (đen tuyền, xanh t&iacute;m than, xanh r&ecirc;u, be v&agrave;ng)</p>\r\n\r\n<p>⏯Chất liệu: kaki trơn mềm mại</p>\r\n', '<p>HƯỚNG DẪN SỬ DỤNG:</p>\r\n\r\n<p>&bull; Giặt m&aacute;y nhiệt độ kh&ocirc;ng qu&aacute; 30&deg;C với tốc độ sấy chậm</p>\r\n\r\n<p>&bull; Kh&ocirc;ng được tẩy &bull; Kh&ocirc;ng được sấy kh&ocirc;</p>\r\n\r\n<p>&bull; Ủi với nhiệt độ kh&ocirc;ng qu&aacute; 110&deg;C</p>\r\n\r\n<p>KH&Aacute;CH LƯU &Yacute; GI&Uacute;P SHOP NH&Eacute;:</p>\r\n\r\n<p>- Bảng size chi tiết: Size M: từ 52-60 kg, Cao từ 1m57-1m65 Size L: từ 57 - 63 kg, Cao từ 1m63-1m69 Size XL: từ 62 - 72kg,Cao từ 1m68-1m75 Size XXL: từ 70- 78kg,Cao từ 1m70-1m78</p>\r\n\r\n<p>- Bạn c&oacute; thể xem bảng size mẫu của shop hoặc n&ecirc;n INBOX chiều cao, c&acirc;n nặng để được tư vấn miễn ph&iacute;. BATINO lu&ocirc;n SẴN S&Agrave;NG LẮNG NGHE v&agrave; GIẢI Đ&Aacute;P mọi thắc mắc của kh&aacute;ch h&agrave;ng về sản phẩm v&agrave; dịch vụ của shop.</p>\r\n', '153650415223.jpg', 0, 0, 'Vàng', 'M,L,XL', 300000),
(55, 2, 9, 'Quần jogger nam ống bó năng động cá tính', '<h4>ĐẶC ĐIỂM NỔI BẬT:</h4>\r\n\r\n<h4>Quần jogger được thiết kế đơn giản nhưng vẫn mang đến sự trẻ trung, thoải m&aacute;i cho người d&ugrave;ng.</h4>\r\n\r\n<h4>Form jogger cực phong c&aacute;ch, l&agrave;m nổi bật style năng động,phong trần của bạn.</h4>\r\n\r\n<h4>Dễ d&agrave;ng phối đồ, đi học, đi chơi, đi l&agrave;m H&Atilde;Y cả hoạt động thể thao&hellip;</h4>\r\n\r\n<h4>⏯Thương hiệu: BATINO</h4>\r\n\r\n<h4>⏯Xuất xứ: sản phẩm được thiết kế v&agrave; gia c&ocirc;ng tại Việt Nam</h4>\r\n\r\n<h4>⏯M&agrave;u sắc: đa dạng (đen tuyền, xanh t&iacute;m than, xanh r&ecirc;u, be v&agrave;ng)</h4>\r\n\r\n<h4>⏯Chất liệu: kaki trơn mềm mại</h4>\r\n\r\n<p>&nbsp;</p>\r\n', '<p>HƯỚNG DẪN SỬ DỤNG:</p>\r\n\r\n<p>&bull; Giặt m&aacute;y nhiệt độ kh&ocirc;ng qu&aacute; 30&deg;C với tốc độ sấy chậm</p>\r\n\r\n<p>&bull; Kh&ocirc;ng được tẩy</p>\r\n\r\n<p>&bull; Kh&ocirc;ng được sấy kh&ocirc;</p>\r\n\r\n<p>&bull; Ủi với nhiệt độ kh&ocirc;ng qu&aacute; 110&deg;C</p>\r\n\r\n<p>KH&Aacute;CH LƯU &Yacute; GI&Uacute;P SHOP NH&Eacute;:</p>\r\n\r\n<p>- Bảng size chi tiết: Size M: từ 52-60 kg, Cao từ 1m57-1m65 Size L: từ 57 - 63 kg, Cao từ 1m63-1m69 Size XL: từ 62 - 72kg,Cao từ 1m68-1m75 Size XXL: từ 70- 78kg,Cao từ 1m70-1m78</p>\r\n\r\n<p>- Bạn c&oacute; thể xem bảng size mẫu của shop hoặc n&ecirc;n INBOX chiều cao, c&acirc;n nặng để được tư vấn miễn ph&iacute;. BATINO lu&ocirc;n SẴN S&Agrave;NG LẮNG NGHE v&agrave; GIẢI Đ&Aacute;P mọi thắc mắc của kh&aacute;ch h&agrave;ng về sản phẩm v&agrave; dịch vụ của shop.</p>\r\n', '153650417522.jpg', 0, 0, 'Đen', 'M,L,XL', 300000),
(56, 2, 9, 'Quần Jeans Đen Nam Rách Gối Thời Trang Cá Tính', '<h4>ĐẶC ĐIỂM NỔI BẬT:</h4>\r\n\r\n<h4>Chiếc quần jean được thiết kế đơn giản nhưng vẫn mang lại sự trẻ trung, năng động.</h4>\r\n\r\n<h4>Quần jeans (quần b&ograve;) may bằng vải jean thun co gi&atilde;n n&ecirc;n rất mềm v&agrave; thoải m&aacute;i khi mặc.</h4>\r\n\r\n<h4>M&agrave;u sắc chuẩn được nhuộm kỹ đến hai lần gi&uacute;p hạn chế tối đa việc phai m&agrave;u khi sử dụng.</h4>\r\n\r\n<h4>⏯Thương hiệu: BATINO</h4>\r\n\r\n<h4>⏯Xuất xứ: sản phẩm được thiết kế v&agrave; gia c&ocirc;ng tại Việt Nam</h4>\r\n\r\n<h4>⏯M&agrave;u sắc: đen tuyền v&agrave; xanh nhạt</h4>\r\n\r\n<h4>⏯Chất liệu: vải jean cao cấp, m&agrave;u vải tự nhi&ecirc;n, chất vải bền.</h4>\r\n', '<p>MUA NGAY H&Ocirc;M NAY ĐỂ NHẬN TẤT CẢ ƯU Đ&Atilde;I TỪ SHOP:</p>\r\n\r\n<p>☑FREESHIP hoặc hỗ trợ 40K cho đơn h&agrave;ng từ 99K với kh&aacute;ch h&agrave;ng ở H&agrave; Nội,Hồ Ch&iacute; Minh v&agrave; tất cả c&aacute;c đơn h&agrave;ng từ 150K tr&ecirc;n to&agrave;n quốc ☑1 đổi 1 trong v&ograve;ng hai ng&agrave;y nếu c&oacute; lỗi do người b&aacute;n ☑Ho&agrave;n tiền nếu sản phẩm kh&ocirc;ng giống m&ocirc; tả</p>\r\n\r\n<p>HƯỚNG DẪN SỬ DỤNG:</p>\r\n\r\n<p>&bull; Khuyến kh&iacute;ch giặt tay</p>\r\n\r\n<p>&bull; Sử dụng nước giặt c&oacute; độ tẩy nhẹ hoặc nước giặt giữ m&agrave;u</p>\r\n\r\n<p>&bull; Chỉ sấy ở nhiệt độ thấp</p>\r\n\r\n<p>&bull; Ủi với nhiệt độ kh&ocirc;ng qu&aacute; 110&deg;C</p>\r\n', '15365048301.jpg', 0, 10, 'Đen', 'M,L,XL', 250000),
(57, 2, 10, ' Áo Khoác Nam LOCKING', '<p>Đặc điểm nổi bật</p>\r\n\r\n<p>: - Với thiết kế đơn giản, đ&acirc;y l&agrave; sự kết hợp h&agrave;i h&ograve;a giữa phong c&aacute;ch &aacute;o kho&aacute;c d&ugrave; truyền thống v&agrave; một ch&uacute;t đột ph&aacute; c&aacute; t&iacute;nh cho người mặc, định h&igrave;nh phong c&aacute;ch kh&ocirc;ng thể lẫn v&agrave;o đ&acirc;u được.</p>\r\n\r\n<p>- T&ocirc;ng m&agrave;u cơ bản đen v&agrave; đỏ dễ d&agrave;ng mix với mọi item thời trang.</p>\r\n\r\n<p>- D&ograve;ng chữ c&aacute;ch điệu mới lạ, thật sự kh&aacute;c biệt v&agrave; lạ mắt.</p>\r\n\r\n<p>- Cổ tay &aacute;o bo viền nhẹ, kh&ocirc;ng g&acirc;y sự g&ograve; b&oacute; cho người mặc.</p>\r\n\r\n<p>- Đường may sắc sảo, tỉ mỉ.</p>\r\n\r\n<p>- Chất liệu d&ugrave; tho&aacute;ng m&aacute;t, dễ chịu d&agrave;nh cho người mặc&nbsp;</p>\r\n\r\n<p>- Chiếc mũ tr&ugrave;m rộng r&atilde;i gi&uacute;p bạn che &aacute;nh nắng hắt, tiện lợi cho mọi hoạt động ngo&agrave;i trời.</p>\r\n', '<p>Th&ocirc;ng tin sản phẩm:</p>\r\n\r\n<p>- Chất liệu:&nbsp;Vải d&ugrave; nhẹ, thoải m&aacute;i v&agrave; kh&ocirc;ng tạo cảm gi&aacute;c qu&aacute; n&oacute;ng bức cho người mặc.</p>\r\n\r\n<p>&nbsp; - M&agrave;u sắc: x&aacute;m, đỏ.</p>\r\n\r\n<p>- Size:&nbsp;M, L, XL từ 50-70kg.</p>\r\n\r\n<p>- Thương hiệu: Unbrand</p>\r\n\r\n<p>- Xuất xứ: Việt Nam</p>\r\n\r\n<p>- Bảo h&agrave;nh: Hỗ trợ đổi trả nếu sản phẩm bị lỗi v&agrave; c&ograve;n nguy&ecirc;n tem/ mạc.</p>\r\n', '15365051472.jpg', 0, 10, 'ĐỎ', 'M,L,XL', 300000),
(58, 2, 10, ' Áo Khoác Nam LOCKING- Xám', '<p>Đặc điểm nổi bật:</p>\r\n\r\n<p>- Với thiết kế đơn giản, đ&acirc;y l&agrave; sự kết hợp h&agrave;i h&ograve;a giữa phong c&aacute;ch &aacute;o kho&aacute;c d&ugrave; truyền thống v&agrave; một ch&uacute;t đột ph&aacute; c&aacute; t&iacute;nh cho người mặc, định h&igrave;nh phong c&aacute;ch kh&ocirc;ng thể lẫn v&agrave;o đ&acirc;u được.</p>\r\n\r\n<p>- T&ocirc;ng m&agrave;u cơ bản đen v&agrave; đỏ dễ d&agrave;ng mix với mọi item thời trang.</p>\r\n\r\n<p>- D&ograve;ng chữ c&aacute;ch điệu mới lạ, thật sự kh&aacute;c biệt v&agrave; lạ mắt.</p>\r\n\r\n<p>- Cổ tay &aacute;o bo viền nhẹ, kh&ocirc;ng g&acirc;y sự g&ograve; b&oacute; cho người mặc.</p>\r\n\r\n<p>- Đường may sắc sảo, tỉ mỉ.</p>\r\n\r\n<p>- Chất liệu d&ugrave; tho&aacute;ng m&aacute;t, dễ chịu d&agrave;nh cho người mặc</p>\r\n\r\n<p>&nbsp; - Chiếc mũ tr&ugrave;m rộng r&atilde;i gi&uacute;p bạn che &aacute;nh nắng hắt, tiện lợi cho mọi hoạt động ngo&agrave;i trời.</p>\r\n', '<p>Th&ocirc;ng tin sản phẩm:</p>\r\n\r\n<p>- Chất liệu:&nbsp;Vải d&ugrave; nhẹ, thoải m&aacute;i v&agrave; kh&ocirc;ng tạo cảm gi&aacute;c qu&aacute; n&oacute;ng bức cho người mặc.</p>\r\n\r\n<p>&nbsp; - M&agrave;u sắc: x&aacute;m, đỏ.</p>\r\n\r\n<p>- Size:&nbsp;M, L, XL từ 50-70kg.</p>\r\n\r\n<p>- Thương hiệu: Unbrand</p>\r\n\r\n<p>- Xuất xứ: Việt Nam</p>\r\n\r\n<p>- Bảo h&agrave;nh: Hỗ trợ đổi trả nếu sản phẩm bị lỗi v&agrave; c&ograve;n nguy&ecirc;n tem/ mạc.</p>\r\n', '15365053483.jpg', 0, 10, 'Xám', 'M,L,XL', 300000);
INSERT INTO `tbl_product` (`pk_product_id`, `fk_category_product_id`, `fk_category2_product_id`, `c_name`, `c_description`, `c_content`, `c_img`, `c_hotproduct`, `c_sale`, `c_color`, `c_size`, `c_price`) VALUES
(59, 2, 10, 'áo khoác gió nam nữ zombies', '<p>&aacute;o thể thao gi&oacute; mỏng v&agrave; nhẹ Sử dụng c&ocirc;ng nghệ Formotion: gi&uacute;p người mặc dễ d&agrave;ng vận động v&agrave; tạo cảm gi&aacute;c thoải m&aacute;i khi mặc C&ocirc;ng nghệ ClimaProof Rain:</p>\r\n\r\n<p>chống gi&oacute; v&agrave; nước ni&ecirc;m k&iacute;n hay h&agrave;n c&aacute;c đường may &Aacute;o cản gi&oacute; tốt &Aacute;o th&ocirc;ng tho&aacute;ng mồ h&ocirc;i tốt, giải ph&oacute;ng nhiệt cơ thể ra b&ecirc;n ngo&agrave;i nhanh Chất liệu: 100% Polyester Được l&agrave;m từ chất liệu vải mềm mại c&oacute; thể giữ ấm tốt C&oacute; 2 t&uacute;i &aacute;o b&ecirc;n cạnh, kết hợp với thiết kế 3 đường may mang đậm phong c&aacute;ch C&oacute; kh&oacute;a k&eacute;o l&ecirc;n tới cổ &aacute;o. Cổ tay &aacute;o đ&agrave;n hồi co d&atilde;n.</p>\r\n\r\n<p>Ch&uacute;ng t&ocirc;i h&acirc;n hạnh mang đến cho qu&yacute; kh&aacute;ch những sản phẩm chất lượng với gi&aacute; cả ph&ugrave; hợp v&agrave; dịch vụ uy t&iacute;n.</p>\r\n\r\n<p>Tất cả c&aacute;c sản phẩm shop đều được ch&uacute;ng t&ocirc;i tuyển chọn một c&aacute;ch kỹ lưỡng sao cho ph&ugrave; hợp với phong c&aacute;ch Ch&acirc;u &Aacute; v&agrave; bắt nhịp c&ugrave;ng xu hướng trẻ.</p>\r\n\r\n<p>Đến với ch&uacute;ng t&ocirc;i kh&aacute;ch h&agrave;ng c&oacute; thể y&ecirc;n t&acirc;m mua h&agrave;ng với nhiều mẫu m&atilde; được cập nhật thường xuy&ecirc;n v&agrave; nhiều khuyến mại hấp dẫn.</p>\r\n', '<p>&aacute;o thể thao gi&oacute; mỏng v&agrave; nhẹ Sử dụng c&ocirc;ng nghệ Formotion: gi&uacute;p người mặc dễ d&agrave;ng vận động v&agrave; tạo cảm gi&aacute;c thoải m&aacute;i khi mặc C&ocirc;ng nghệ ClimaProof Rain:</p>\r\n\r\n<p>chống gi&oacute; v&agrave; nước ni&ecirc;m k&iacute;n hay h&agrave;n c&aacute;c đường may &Aacute;o cản gi&oacute; tốt &Aacute;o th&ocirc;ng tho&aacute;ng mồ h&ocirc;i tốt, giải ph&oacute;ng nhiệt cơ thể ra b&ecirc;n ngo&agrave;i nhanh Chất liệu: 100% Polyester Được l&agrave;m từ chất liệu vải mềm mại c&oacute; thể giữ ấm tốt C&oacute; 2 t&uacute;i &aacute;o b&ecirc;n cạnh, kết hợp với thiết kế 3 đường may mang đậm phong c&aacute;ch C&oacute; kh&oacute;a k&eacute;o l&ecirc;n tới cổ &aacute;o. Cổ tay &aacute;o đ&agrave;n hồi co d&atilde;n.</p>\r\n\r\n<p>Ch&uacute;ng t&ocirc;i h&acirc;n hạnh mang đến cho qu&yacute; kh&aacute;ch những sản phẩm chất lượng với gi&aacute; cả ph&ugrave; hợp v&agrave; dịch vụ uy t&iacute;n.</p>\r\n\r\n<p>Tất cả c&aacute;c sản phẩm shop đều được ch&uacute;ng t&ocirc;i tuyển chọn một c&aacute;ch kỹ lưỡng sao cho ph&ugrave; hợp với phong c&aacute;ch Ch&acirc;u &Aacute; v&agrave; bắt nhịp c&ugrave;ng xu hướng trẻ.</p>\r\n\r\n<p>Đến với ch&uacute;ng t&ocirc;i kh&aacute;ch h&agrave;ng c&oacute; thể y&ecirc;n t&acirc;m mua h&agrave;ng với nhiều mẫu m&atilde; được cập nhật thường xuy&ecirc;n v&agrave; nhiều khuyến mại hấp dẫn.</p>\r\n\r\n<p>Th&ocirc;ng tin sản phẩm: ► Loại sản phẩm: &Aacute;o kho&aacute;c d&ugrave; 2 lớp ► size: M từ 40 đến 55 kg, size L từ 55 đến 65 kg ► Chất liệu cao cấp, mềm mại. ► Thiết kế thời trang. ► Phong c&aacute;ch đơn giản; dễ phối đồ; đem lại cho bạn phong c&aacute;ch trẻ trung. h&agrave;ng c&oacute; 2 size m l h&agrave;ng c&oacute; 5 m&agrave;u đen xanh r&ecirc;u đỏ v&agrave;ng xanh da trời. h&agrave;ng xuất xứ việt nam.</p>\r\n', '15365056214.jpg', 0, 20, 'Vàng', 'M,L,XL', 300000),
(60, 2, 10, 'áo khoác gió nam nữ zombies- Đỏ', '<p>&aacute;o thể thao gi&oacute; mỏng v&agrave; nhẹ Sử dụng c&ocirc;ng nghệ Formotion: gi&uacute;p người mặc dễ d&agrave;ng vận động v&agrave; tạo cảm gi&aacute;c thoải m&aacute;i khi mặc C&ocirc;ng nghệ ClimaProof Rain:</p>\r\n\r\n<p>chống gi&oacute; v&agrave; nước ni&ecirc;m k&iacute;n hay h&agrave;n c&aacute;c đường may &Aacute;o cản gi&oacute; tốt &Aacute;o th&ocirc;ng tho&aacute;ng mồ h&ocirc;i tốt, giải ph&oacute;ng nhiệt cơ thể ra b&ecirc;n ngo&agrave;i nhanh Chất liệu: 100% Polyester Được l&agrave;m từ chất liệu vải mềm mại c&oacute; thể giữ ấm tốt C&oacute; 2 t&uacute;i &aacute;o b&ecirc;n cạnh, kết hợp với thiết kế 3 đường may mang đậm phong c&aacute;ch C&oacute; kh&oacute;a k&eacute;o l&ecirc;n tới cổ &aacute;o. Cổ tay &aacute;o đ&agrave;n hồi co d&atilde;n. Ch&uacute;ng t&ocirc;i h&acirc;n hạnh mang đến cho qu&yacute; kh&aacute;ch những sản phẩm chất lượng với gi&aacute; cả ph&ugrave; hợp v&agrave; dịch vụ uy t&iacute;n. Tất cả c&aacute;c sản phẩm shop đều được ch&uacute;ng t&ocirc;i tuyển chọn một c&aacute;ch kỹ lưỡng sao cho ph&ugrave; hợp với phong c&aacute;ch Ch&acirc;u &Aacute; v&agrave; bắt nhịp c&ugrave;ng xu hướng trẻ. Đến với ch&uacute;ng t&ocirc;i kh&aacute;ch h&agrave;ng c&oacute; thể y&ecirc;n t&acirc;m mua h&agrave;ng với nhiều mẫu m&atilde; được cập nhật thường xuy&ecirc;n v&agrave; nhiều khuyến mại hấp dẫn.</p>\r\n', '<p>&aacute;o thể thao gi&oacute; mỏng v&agrave; nhẹ Sử dụng c&ocirc;ng nghệ Formotion: gi&uacute;p người mặc dễ d&agrave;ng vận động v&agrave; tạo cảm gi&aacute;c thoải m&aacute;i khi mặc C&ocirc;ng nghệ ClimaProof Rain:</p>\r\n\r\n<p>chống gi&oacute; v&agrave; nước ni&ecirc;m k&iacute;n hay h&agrave;n c&aacute;c đường may &Aacute;o cản gi&oacute; tốt &Aacute;o th&ocirc;ng tho&aacute;ng mồ h&ocirc;i tốt, giải ph&oacute;ng nhiệt cơ thể ra b&ecirc;n ngo&agrave;i nhanh Chất liệu: 100% Polyester Được l&agrave;m từ chất liệu vải mềm mại c&oacute; thể giữ ấm tốt C&oacute; 2 t&uacute;i &aacute;o b&ecirc;n cạnh, kết hợp với thiết kế 3 đường may mang đậm phong c&aacute;ch C&oacute; kh&oacute;a k&eacute;o l&ecirc;n tới cổ &aacute;o. Cổ tay &aacute;o đ&agrave;n hồi co d&atilde;n.</p>\r\n\r\n<p>Ch&uacute;ng t&ocirc;i h&acirc;n hạnh mang đến cho qu&yacute; kh&aacute;ch những sản phẩm chất lượng với gi&aacute; cả ph&ugrave; hợp v&agrave; dịch vụ uy t&iacute;n.</p>\r\n\r\n<p>Tất cả c&aacute;c sản phẩm shop đều được ch&uacute;ng t&ocirc;i tuyển chọn một c&aacute;ch kỹ lưỡng sao cho ph&ugrave; hợp với phong c&aacute;ch Ch&acirc;u &Aacute; v&agrave; bắt nhịp c&ugrave;ng xu hướng trẻ.</p>\r\n\r\n<p>Đến với ch&uacute;ng t&ocirc;i kh&aacute;ch h&agrave;ng c&oacute; thể y&ecirc;n t&acirc;m mua h&agrave;ng với nhiều mẫu m&atilde; được cập nhật thường xuy&ecirc;n v&agrave; nhiều khuyến mại hấp dẫn.</p>\r\n\r\n<p>Th&ocirc;ng tin sản phẩm: ► Loại sản phẩm: &Aacute;o kho&aacute;c d&ugrave; 2 lớp ► size: M từ 40 đến 55 kg, size L từ 55 đến 65 kg ► Chất liệu cao cấp, mềm mại. ► Thiết kế thời trang. ► Phong c&aacute;ch đơn giản; dễ phối đồ; đem lại cho bạn phong c&aacute;ch trẻ trung. h&agrave;ng c&oacute; 2 size m l h&agrave;ng c&oacute; 5 m&agrave;u đen xanh r&ecirc;u đỏ v&agrave;ng xanh da trời. h&agrave;ng xuất xứ việt nam.</p>\r\n', '15365057115.jpg', 0, 20, 'ĐỎ', 'M,L,XL', 300000),
(61, 2, 11, 'Áo sơ mi nam cổ bẻ dài tay dáng Hàn Quốc-Trắng', '<p>BẠN NHỚ LIKE SẢN PHẨM V&Agrave; THEO D&Otilde;I SHOP ĐỂ LU&Ocirc;N CẬP NHẬT M&Atilde; GIẢM GI&Aacute;, CHƯƠNG TR&Igrave;NH DEAL SỐC , KHUYẾN M&Atilde;I KHỦNG TRONG TH&Ocirc;NG B&Aacute;O CỦA BẠN NHA, C&Aacute;M ƠN BẠN!!!</p>\r\n\r\n<p>Mua h&agrave;ng của Shop kh&aacute;ch h&agrave;ng sẽ đc miễn ph&iacute; ship khi: - Đơn h&agrave;ng tr&ecirc;n 99k v&agrave; nhận h&agrave;ng ở H&agrave; Nội hoặc HCM - Đơn h&agrave;ng tr&ecirc;n 150k freeship tr&ecirc;n to&agrave;n quốc - Đổi trả miễn ph&iacute; trong 7 ng&agrave;y.</p>\r\n', '<h3>BẠN NHỚ LIKE SẢN PHẨM V&Agrave; THEO D&Otilde;I SHOP ĐỂ LU&Ocirc;N CẬP NHẬT M&Atilde; GIẢM GI&Aacute;, CHƯƠNG TR&Igrave;NH DEAL SỐC , KHUYẾN M&Atilde;I KHỦNG TRONG TH&Ocirc;NG B&Aacute;O CỦA BẠN NHA, C&Aacute;M ƠN BẠN!!!</h3>\r\n\r\n<h3>Mua h&agrave;ng của Shop kh&aacute;ch h&agrave;ng sẽ đc miễn ph&iacute; ship khi: - Đơn h&agrave;ng tr&ecirc;n 99k v&agrave; nhận h&agrave;ng ở H&agrave; Nội hoặc HCM - Đơn h&agrave;ng tr&ecirc;n 150k freeship tr&ecirc;n to&agrave;n quốc - Đổi trả miễn ph&iacute; trong 7 ng&agrave;y.</h3>\r\n', '15365061296.jpg', 0, 10, 'Trắng', 'M,L,XL', 300000),
(62, 2, 11, 'Áo sơ mi nam cổ bẻ dài tay dáng Hàn Quốc-Xanh Dương', '<p>BẠN NHỚ LIKE SẢN PHẨM V&Agrave; THEO D&Otilde;I SHOP ĐỂ LU&Ocirc;N CẬP NHẬT M&Atilde; GIẢM GI&Aacute;, CHƯƠNG TR&Igrave;NH DEAL SỐC , KHUYẾN M&Atilde;I KHỦNG TRONG TH&Ocirc;NG B&Aacute;O CỦA BẠN NHA, C&Aacute;M ƠN BẠN!!!</p>\r\n\r\n<p>Mua h&agrave;ng của Shop kh&aacute;ch h&agrave;ng sẽ đc miễn ph&iacute; ship khi: - Đơn h&agrave;ng tr&ecirc;n 99k v&agrave; nhận h&agrave;ng ở H&agrave; Nội hoặc HCM - Đơn h&agrave;ng tr&ecirc;n 150k freeship tr&ecirc;n to&agrave;n quốc - Đổi trả miễn ph&iacute; trong 7 ng&agrave;y.</p>\r\n', '<p>BẠN NHỚ LIKE SẢN PHẨM V&Agrave; THEO D&Otilde;I SHOP ĐỂ LU&Ocirc;N CẬP NHẬT M&Atilde; GIẢM GI&Aacute;, CHƯƠNG TR&Igrave;NH DEAL SỐC , KHUYẾN M&Atilde;I KHỦNG TRONG TH&Ocirc;NG B&Aacute;O CỦA BẠN NHA, C&Aacute;M ƠN BẠN!!!</p>\r\n\r\n<p>Mua h&agrave;ng của Shop kh&aacute;ch h&agrave;ng sẽ đc miễn ph&iacute; ship khi: - Đơn h&agrave;ng tr&ecirc;n 99k v&agrave; nhận h&agrave;ng ở H&agrave; Nội hoặc HCM - Đơn h&agrave;ng tr&ecirc;n 150k freeship tr&ecirc;n to&agrave;n quốc - Đổi trả miễn ph&iacute; trong 7 ng&agrave;y.</p>\r\n', '15365062809.jpg', 0, 20, 'Xanh Dương', 'M,L,XL', 300000),
(63, 2, 11, 'Áo sơ mi nam cổ bẻ dài tay dáng Hàn Quốc- Đen', '<p>BẠN NHỚ LIKE SẢN PHẨM V&Agrave; THEO D&Otilde;I SHOP ĐỂ LU&Ocirc;N CẬP NHẬT M&Atilde; GIẢM GI&Aacute;, CHƯƠNG TR&Igrave;NH DEAL SỐC , KHUYẾN M&Atilde;I KHỦNG TRONG TH&Ocirc;NG B&Aacute;O CỦA BẠN NHA, C&Aacute;M ƠN BẠN!!!</p>\r\n\r\n<p>Mua h&agrave;ng của Shop kh&aacute;ch h&agrave;ng sẽ đc miễn ph&iacute; ship khi: - Đơn h&agrave;ng tr&ecirc;n 99k v&agrave; nhận h&agrave;ng ở H&agrave; Nội hoặc HCM - Đơn h&agrave;ng tr&ecirc;n 150k freeship tr&ecirc;n to&agrave;n quốc - Đổi trả miễn ph&iacute; trong 7 ng&agrave;y.</p>\r\n', '<h3>BẠN NHỚ LIKE SẢN PHẨM V&Agrave; THEO D&Otilde;I SHOP ĐỂ LU&Ocirc;N CẬP NHẬT M&Atilde; GIẢM GI&Aacute;, CHƯƠNG TR&Igrave;NH DEAL SỐC , KHUYẾN M&Atilde;I KHỦNG TRONG TH&Ocirc;NG B&Aacute;O CỦA BẠN NHA, C&Aacute;M ƠN BẠN!!!</h3>\r\n\r\n<h3>Mua h&agrave;ng của Shop kh&aacute;ch h&agrave;ng sẽ đc miễn ph&iacute; ship khi: - Đơn h&agrave;ng tr&ecirc;n 99k v&agrave; nhận h&agrave;ng ở H&agrave; Nội hoặc HCM - Đơn h&agrave;ng tr&ecirc;n 150k freeship tr&ecirc;n to&agrave;n quốc - Đổi trả miễn ph&iacute; trong 7 ng&agrave;y.</h3>\r\n', '15365065147.jpg', 0, 20, 'Đen', 'M,L,XL', 300000),
(64, 2, 11, 'Áo sơ mi nam cổ bẻ dài tay dáng Hàn Quốc- Xanh Da trời', '<p>BẠN NHỚ LIKE SẢN PHẨM V&Agrave; THEO D&Otilde;I SHOP ĐỂ LU&Ocirc;N CẬP NHẬT M&Atilde; GIẢM GI&Aacute;, CHƯƠNG TR&Igrave;NH DEAL SỐC , KHUYẾN M&Atilde;I KHỦNG TRONG TH&Ocirc;NG B&Aacute;O CỦA BẠN NHA, C&Aacute;M ƠN BẠN!!!</p>\r\n\r\n<p>Mua h&agrave;ng của Shop kh&aacute;ch h&agrave;ng sẽ đc miễn ph&iacute; ship khi: - Đơn h&agrave;ng tr&ecirc;n 99k v&agrave; nhận h&agrave;ng ở H&agrave; Nội hoặc HCM - Đơn h&agrave;ng tr&ecirc;n 150k freeship tr&ecirc;n to&agrave;n quốc - Đổi trả miễn ph&iacute; trong 7 ng&agrave;y.</p>\r\n', '<h3>BẠN NHỚ LIKE SẢN PHẨM V&Agrave; THEO D&Otilde;I SHOP ĐỂ LU&Ocirc;N CẬP NHẬT M&Atilde; GIẢM GI&Aacute;, CHƯƠNG TR&Igrave;NH DEAL SỐC , KHUYẾN M&Atilde;I KHỦNG TRONG TH&Ocirc;NG B&Aacute;O CỦA BẠN NHA, C&Aacute;M ƠN BẠN!!!</h3>\r\n\r\n<h3>Mua h&agrave;ng của Shop kh&aacute;ch h&agrave;ng sẽ đc miễn ph&iacute; ship khi: - Đơn h&agrave;ng tr&ecirc;n 99k v&agrave; nhận h&agrave;ng ở H&agrave; Nội hoặc HCM - Đơn h&agrave;ng tr&ecirc;n 150k freeship tr&ecirc;n to&agrave;n quốc - Đổi trả miễn ph&iacute; trong 7 ng&agrave;y.</h3>\r\n', '15365065448.jpg', 0, 20, 'Xanh Da Trời', 'M,L,XL', 300000);

-- --------------------------------------------------------

--
-- Table structure for table `tbl_user`
--

CREATE TABLE IF NOT EXISTS `tbl_user` (
  `pk_user_id` int(11) NOT NULL,
  `c_email` varchar(500) CHARACTER SET utf8 NOT NULL,
  `c_password` varchar(500) CHARACTER SET utf8 NOT NULL,
  `c_fullname` varchar(500) CHARACTER SET utf8 NOT NULL
) ENGINE=InnoDB AUTO_INCREMENT=4 DEFAULT CHARSET=utf8mb4;

--
-- Dumping data for table `tbl_user`
--

INSERT INTO `tbl_user` (`pk_user_id`, `c_email`, `c_password`, `c_fullname`) VALUES
(1, 'admin@gmail.com', '202cb962ac59075b964b07152d234b70', 'Nguyen Van A'),
(2, 'admin1@gmail.com', '202cb962ac59075b964b07152d234b70', 'Nguyen Van B'),
(3, 'admin2@gmail.com', '202cb962ac59075b964b07152d234b70', 'Nguyễn Văn C');

--
-- Indexes for dumped tables
--

--
-- Indexes for table `tbl_category2_product`
--
ALTER TABLE `tbl_category2_product`
  ADD PRIMARY KEY (`pk_category2_product_id`);

--
-- Indexes for table `tbl_category_product`
--
ALTER TABLE `tbl_category_product`
  ADD PRIMARY KEY (`pk_category_product_id`);

--
-- Indexes for table `tbl_color`
--
ALTER TABLE `tbl_color`
  ADD PRIMARY KEY (`pk_color`);

--
-- Indexes for table `tbl_customer`
--
ALTER TABLE `tbl_customer`
  ADD PRIMARY KEY (`customer_id`);

--
-- Indexes for table `tbl_order`
--
ALTER TABLE `tbl_order`
  ADD PRIMARY KEY (`order_id`);

--
-- Indexes for table `tbl_order_detail`
--
ALTER TABLE `tbl_order_detail`
  ADD PRIMARY KEY (`order_detail_id`);

--
-- Indexes for table `tbl_product`
--
ALTER TABLE `tbl_product`
  ADD PRIMARY KEY (`pk_product_id`);

--
-- Indexes for table `tbl_user`
--
ALTER TABLE `tbl_user`
  ADD PRIMARY KEY (`pk_user_id`);

--
-- AUTO_INCREMENT for dumped tables
--

--
-- AUTO_INCREMENT for table `tbl_category2_product`
--
ALTER TABLE `tbl_category2_product`
  MODIFY `pk_category2_product_id` int(11) NOT NULL AUTO_INCREMENT,AUTO_INCREMENT=20;
--
-- AUTO_INCREMENT for table `tbl_category_product`
--
ALTER TABLE `tbl_category_product`
  MODIFY `pk_category_product_id` int(11) NOT NULL AUTO_INCREMENT,AUTO_INCREMENT=6;
--
-- AUTO_INCREMENT for table `tbl_color`
--
ALTER TABLE `tbl_color`
  MODIFY `pk_color` int(11) NOT NULL AUTO_INCREMENT,AUTO_INCREMENT=12;
--
-- AUTO_INCREMENT for table `tbl_customer`
--
ALTER TABLE `tbl_customer`
  MODIFY `customer_id` int(11) NOT NULL AUTO_INCREMENT,AUTO_INCREMENT=28;
--
-- AUTO_INCREMENT for table `tbl_order`
--
ALTER TABLE `tbl_order`
  MODIFY `order_id` int(11) NOT NULL AUTO_INCREMENT,AUTO_INCREMENT=77;
--
-- AUTO_INCREMENT for table `tbl_order_detail`
--
ALTER TABLE `tbl_order_detail`
  MODIFY `order_detail_id` int(11) NOT NULL AUTO_INCREMENT,AUTO_INCREMENT=29;
--
-- AUTO_INCREMENT for table `tbl_product`
--
ALTER TABLE `tbl_product`
  MODIFY `pk_product_id` int(11) NOT NULL AUTO_INCREMENT,AUTO_INCREMENT=65;
--
-- AUTO_INCREMENT for table `tbl_user`
--
ALTER TABLE `tbl_user`
  MODIFY `pk_user_id` int(11) NOT NULL AUTO_INCREMENT,AUTO_INCREMENT=4;
/*!40101 SET CHARACTER_SET_CLIENT=@OLD_CHARACTER_SET_CLIENT */;
/*!40101 SET CHARACTER_SET_RESULTS=@OLD_CHARACTER_SET_RESULTS */;
/*!40101 SET COLLATION_CONNECTION=@OLD_COLLATION_CONNECTION */;
